SM,ST7in1,pH,N,P,K,EC,STDS18B20,SMCap,label
44.22851458602314,16.16950819594401,6.382737105875694,48.30017093456046,69.68362841198883,36.681115659688615,0.45838245891733503,16.47062892512072,40.17157574836005,kidneybeans
48.29878082489798,22.60640092112397,6.117545985510039,26.55344790740243,69.93530130659654,28.14847981687593,0.536671714268398,23.009621026268206,48.24215415359345,kidneybeans
40.105283712594144,18.567191557325188,6.297103287612274,31.94598735912062,71.18834631070531,15.009000640893152,1.027165969770026,18.019794983916235,42.12633175324757,kidneybeans
30.640628688134328,20.294104327177223,5.981365720476322,44.326598437473514,66.54652294424208,44.99598276765405,0.8573187094587854,21.08085178434229,34.156850520563005,kidneybeans
79.02974314519463,25.59983194070822,6.66637719145884,115.9333406523297,32.75308238352173,143.85369657355747,2.226734370325049,25.545770497895255,76.37387811720775,banana
35.42306080703069,25.29055478659606,5.390721249028804,47.07668573143699,64.77856190333985,36.73002353638618,0.2785268941863033,25.509789868228918,37.90733804428585,kidneybeans
38.22148187890927,24.061331790296244,6.167943662915776,34.842662828039956,66.8277846962794,27.982998968476167,0.9563480456095635,24.265192095578755,34.67328848434067,kidneybeans
36.759177886410306,25.53399453138758,6.586051088838353,41.37903182891298,54.56055603328579,47.418958041841826,0.8093952392598996,25.478909955075355,35.4623416364735,kidneybeans
63.82624560584142,21.122561052802432,6.901445468502786,79.7234009137442,60.27604361401174,58.45623501013935,1.2231815513059883,20.649859003920582,61.925865612089396,cabbage
50.508110779601566,25.099091515042485,6.333526655642211,112.40905281563602,45.61704634050368,57.487577724105066,0.6586949211742879,25.19866507920115,48.38099132073213,maize
56.30405598116591,18.623042178268413,7.188759404442667,70.24707436378183,40.66329215582098,56.647163448888776,1.230595580901204,19.37645043040603,58.51096239059093,cabbage
44.58197882930773,20.0698993608669,6.86766513500426,90.55651100458859,58.19013197741396,47.92933823497292,1.1073558938962433,20.056109414853044,46.30303824523062,maize
19.994335885826793,22.497331096024457,6.144717840419503,19.97777345384106,67.35365392687744,34.94517244158725,0.5882725464092607,22.36867175656767,22.96537886311539,kidneybeans
57.69108096984405,19.634178419624586,6.510768488442634,46.941683119661626,56.587202870170906,94.86847017256812,1.5755888678189987,19.166749819681844,57.04330692040287,cabbage
58.45978744381394,18.18737701409899,6.4764407587535615,84.10477154966664,55.9321938070411,79.25081088982307,1.4442456826696577,18.72714510089246,57.714294043198294,cabbage
48.31893176118575,20.869839359039894,6.705325291662152,49.85800060900539,70.38773688817885,78.88131516294051,1.3926255534639487,20.524771231557068,47.78122781849841,cabbage
76.6467317181719,29.296512849031977,6.551352015576768,103.003308390091,74.17984054020722,169.3461037298826,1.6125324491262572,29.859892386730518,74.19812489808739,banana
56.97329572380878,19.153360902006963,6.5698499077274874,72.2919256421666,65.20953733391063,56.536284017449645,1.003744898683282,19.782632513556283,59.068997932904765,cabbage
56.89751451700582,18.78650231470487,7.054931622564421,60.58235554977372,40.46924634770022,46.24803826194149,1.2631741221944024,18.804725443150307,56.157156495765676,cabbage
66.1072214053319,27.938721319241548,6.3529522930068,88.09359070044863,63.512802990008524,153.71893988490223,1.409907522529106,29.148233900290506,61.67666117412496,banana
36.26647735199968,21.062611745491655,6.3568274710704635,39.76793969915437,49.93872333385547,35.2829496213723,0.768340165310055,20.679834005896012,35.14577436715528,kidneybeans
37.77649940544305,21.77966536566587,6.692532763710019,87.00915884490482,44.1514946833799,46.81314217861419,1.0431451468390291,21.913682312680837,37.666295207358466,maize
66.33094554313789,25.63381639682965,5.896746536292469,108.71026613169487,38.101004545513305,121.19330069335736,1.192080463765442,25.39786386420813,67.79622467606887,banana
43.320976743878525,19.126838779867263,5.940458283104444,29.34951344341087,64.60354188337429,33.365016668952656,0.6712488772335387,19.27727692688886,46.61164208027445,kidneybeans
55.32722033884811,24.784770528643882,6.395223622871646,119.10373917297494,53.86759054404739,54.62960573249448,0.9547599528671293,25.10092791943035,55.655861657611936,maize
42.76682847945763,23.57398104708949,6.455341679716788,101.37566670770511,37.074741695420855,36.90513681107234,1.3286560134967118,23.156403418502034,42.18707724850789,maize
58.39382638228852,26.11645996460851,6.197861389425523,81.18449670777824,51.14099177112624,50.62272871914493,1.3831724551298974,25.43066560641006,58.85639042777525,maize
51.101344681749154,23.333217816629844,6.839586962619502,97.25497722253888,49.274130526927834,64.03229178251102,1.1705860853033794,23.071125369054506,52.68220511111762,cabbage
54.13505334973923,22.418430785368923,6.255600981774959,79.68472230647357,60.821973305993055,59.699778882168246,1.1018156054426083,21.847825553819398,54.195192557966394,cabbage
66.07467017166775,19.623714629723807,7.074227901047104,98.86979700308926,50.42173699141151,51.89682948777894,1.3820171313579312,19.47649438419209,65.41261980944535,cabbage
66.76543834657468,29.47576737583746,5.92968335702419,131.56957621583462,57.82297819189682,125.59380141075056,1.4718043701646135,29.11826484051967,67.86612854938446,banana
71.31089972805864,20.468085290269084,6.583577581350131,59.32812847301324,45.03796251621459,35.84176522703562,1.0490545347188631,20.971731230002977,72.39661617701384,maize
41.7065741247766,22.39673774946061,5.5020799729375875,38.68530035098906,64.27707873395183,51.58242202874326,1.0003418440029679,21.961034501405287,45.94731462286165,kidneybeans
76.62312594002512,28.499531107316248,5.999763779985907,108.71669155037831,61.541592325072024,163.58563247217788,1.1240084212964512,28.299445163813743,79.55444627671581,banana
60.29537115035948,25.6308879516404,5.546935774762387,111.6709802327241,52.193194074764,142.22202716578266,1.5052610705019176,25.009003922408457,59.004177945444134,banana
47.95902506623943,26.786481111443443,6.079695359453926,96.8919432549309,59.84918786733851,41.93434378712942,0.6655713512157171,26.700421445134992,46.2165929221878,maize
31.49705718445644,18.3236700133554,5.999449798435782,34.08561273536235,78.45280868922394,38.11286578947019,0.8131949006212007,17.88914179020281,33.68280042064187,kidneybeans
39.933483050155374,18.448141241001146,6.248596206764912,48.229598172416694,55.375684782086935,30.600560943969278,0.5853999691803292,18.391454002783615,36.694013662531894,kidneybeans
70.85870067199845,21.222708840516415,7.16413788386283,55.52982294706753,58.45984179756792,67.52278566290127,1.489774111023546,20.612030594307626,73.79820854796849,cabbage
55.74622683673185,28.33077901352486,6.088920940369179,93.91016150658945,49.44726818195233,41.524765878064805,1.0635473854777961,27.89362091708536,57.66769545192078,maize
69.18631709835283,29.532609114338733,5.600693082000939,79.82387080631327,47.587631430013836,147.26666854214596,1.5705869127509609,29.75997292416866,68.39502999010082,banana
37.418403101164785,22.522241437022235,6.217794055500606,147.21936622861563,60.79185502981632,48.26843470388023,1.1802124115811519,22.87057054516889,37.483793551671326,maize
77.58149242332495,29.656313241791594,5.973847496968933,154.4361815211094,53.08407981556682,107.36679455690316,1.3419440412038468,29.67369325153218,76.27734328451936,banana
71.55400317121904,18.425764729585786,7.067318943978633,74.85904143139388,65.78792739849862,82.68414598598852,1.2512861718272568,17.9785311366551,73.46625900076914,cabbage
65.85716666078032,27.9995762085916,5.906931662514805,133.47118944530067,56.66694875341793,147.5057747230815,1.4850283826739863,27.924299465771167,65.97919637160874,banana
81.20332410989258,26.25716452783586,5.96085986759457,77.8347321028242,31.79054288432031,105.88105736916944,1.6379700798923311,26.161365073601164,82.47274539407259,banana
59.75852114283318,23.08811609600105,6.762007021748807,80.42614688761972,46.47698353289876,76.79296726703414,1.18644613533417,22.620716130609317,59.521392836890314,cabbage
42.308972276659155,21.55738252031155,6.562169706005772,38.55403501554488,78.10618753727863,40.584074287693255,0.6582977026362163,21.435111375790946,40.67527647190825,kidneybeans
67.09184657768047,23.18047418850744,5.874782614520466,77.75898338294695,76.17514081909437,164.70374112776426,1.9441359101792055,22.795485147035006,71.33519654781236,banana
55.8418243939712,18.72953193775534,6.393115021545786,64.43947466815338,62.564189138576346,78.59975155235345,1.175955875430968,18.56405074574701,54.41154253700544,cabbage
41.28189837653994,20.96379942525165,5.832642276419346,43.33626226876648,72.3749414154305,28.938717913086386,0.58322074207887,20.68172294167992,38.538347260958005,kidneybeans
60.969793469514855,18.92365956690319,6.62304233279722,75.151101034149,57.590505655222096,60.37069476185373,1.6808326698016147,18.604270073795202,63.77073836391041,cabbage
62.50654526990806,30.413535280837948,5.614912179950516,97.93512616344783,42.98599440204346,104.33562665523823,1.7278155626492229,30.861170114778357,63.01946309162513,banana
38.66015368587343,24.82445927902446,6.2967480692050435,41.31868700592289,51.85072646328927,28.87041997343471,1.2103625511877916,24.183259246413083,40.69081733463714,kidneybeans
46.763764143449585,29.232920772326487,6.333029604656729,114.31125217714782,51.16134668002238,48.730523184341784,1.0529039681839043,29.205001258021632,50.17594765970486,maize
65.1331808069637,25.200358508479027,6.273380332894541,89.07845198730125,56.87634392721121,56.93618571856377,1.238840057127144,25.72365715123099,66.75157027067004,maize
34.98083391495989,21.26828734630267,5.930051078264606,56.77610418714763,60.767432639901216,42.59789572501801,0.5743706525815866,21.255330835590097,32.97236486269948,kidneybeans
55.03518379890263,23.404565640063336,5.853664576451945,112.49397480678799,32.65186913088522,54.99336332474489,1.116978292292334,22.89874884328417,52.68278316561576,maize
49.939974330169775,22.982304409124186,6.794806600072256,88.08872524879362,57.90563762321174,56.250439217080256,0.7505784592203992,22.67496214530502,49.3265797545179,maize
58.96993139416265,20.447229812879414,5.932025030109251,38.40744802607619,50.167624572619474,92.83463761471134,1.3742296656132402,20.746369554556683,56.839842654251534,cabbage
86.00762205878812,26.3762173754892,6.268098753469677,114.70606566126281,59.8644426824026,170.32063442146722,1.0021209485020788,26.271648892619986,85.67708611874325,banana
44.23701876565764,23.84668913542788,6.369517040131622,113.17196000889118,31.226843444796327,42.488974119630875,0.7560216028496123,23.9932695940565,44.42172684216656,maize
29.030415294545378,23.612717904609635,6.13162573609353,39.06726226954482,69.22823406671024,28.45978827568934,0.531121039343339,23.884478874500275,29.237329624332773,kidneybeans
45.327012474393506,23.93534288011536,6.6266196417483165,97.34465118386281,47.97511071185555,48.57319422710627,1.0590116249932509,23.761662706811805,44.15490919444239,maize
41.19029010264385,21.483711004971028,6.012795882540306,34.94205953268068,60.94449138822588,25.268318775242818,0.8614821532988047,21.771642197343578,44.3023227565438,kidneybeans
43.857223760545885,21.41827883200565,6.114660204494895,43.73343380372227,58.77169002528017,37.30572352205196,0.5347302663901311,20.92549994317197,46.33556788472195,kidneybeans
45.96879461708606,22.78519946827455,6.565698613747304,28.579646548299507,58.82787563281195,36.59483426623388,0.8145146161182039,21.702664456506515,43.96417908378486,kidneybeans
55.314307768086515,20.388811753881136,6.567809153684081,101.22839360727667,48.34509805369133,77.58876510768175,1.0577968324792855,20.947742978868934,55.04853415884172,cabbage
37.79450941329662,25.955875856044152,5.893155459204734,81.33765977042258,43.031143012960904,37.39491151928635,1.1062821778040084,25.81901469975133,33.57913063806782,maize
35.23244535183776,21.788330337557962,5.367116855748594,64.12966453205132,47.55179703396729,40.99946268563714,0.5310510507367174,22.20994697602343,34.11404040438632,kidneybeans
45.2877353927955,24.675858098204316,6.556834777377672,97.64938615385068,37.05400544874945,39.92894719571758,1.1488157578699432,24.25694323965079,47.375222188236485,maize
62.66605933321107,23.44726472230756,6.817066813195541,110.16492373994454,57.655973755626725,148.89970338266244,1.2929011262466672,23.05933749700283,61.16198682590648,banana
47.93961273771953,22.41242887877956,6.10663432469264,37.25688841158845,62.78926010225194,27.341171204307415,0.8437638742093602,22.56569648784204,47.45123889951619,kidneybeans
41.21630216037847,21.85517666491737,5.755432803414815,6.745392628497278,75.58779131056815,39.3779835293755,0.793374788127598,22.44446640317316,40.37673340534484,kidneybeans
76.41890564575303,26.358919243324905,5.8642611191851675,87.2039202130318,49.55776726421717,131.61126703533094,1.3875632541845226,26.0126399709722,76.35619624440002,banana
56.937624775081254,28.262476656134297,5.965154971069088,103.56002815120424,43.68645334964603,117.08826039630551,1.3521393156526795,28.42801561045919,56.59009999635693,banana
44.98788336014998,22.05669442612898,6.016319394977907,19.118894878841548,71.32554151130634,30.702923946848657,0.564005663677465,21.721880964839425,45.0360381731178,kidneybeans
53.20474230259761,23.7412793298351,6.124701978713541,87.28106620307527,51.77401368692303,53.24199619795863,1.4790921616813342,23.85911646685845,55.235772735563465,maize
38.7911420781279,22.887893754618425,6.710630546765686,48.57709244603275,50.08960631003372,20.586452629617767,0.6628586757854054,22.90298291329132,38.851635207839806,kidneybeans
68.09363068901104,28.679136181548504,5.525330450659301,95.50974132761922,62.744165817538196,144.01452683171237,1.5477288726567018,29.5158038173067,69.52055161390001,banana
34.332244175487745,24.324541667891534,5.766916661484248,62.44940000783777,72.19604302938193,33.37624909424375,0.5830077393086848,25.033657637127952,33.80761512432576,kidneybeans
45.2101994220125,24.16636453964801,6.344123092402294,82.76413355767431,34.28037447709781,42.9705805632463,0.8091315500519323,24.552184812543743,46.53890677049236,maize
46.55354093581323,28.364785019625586,6.8904222263245,105.2647334560334,42.548149159153425,169.5005418354043,1.2191036174864118,28.210026399365084,44.62406404979055,banana
44.301185658683465,22.25644044174931,6.171479349367351,94.39387900161034,49.5502372034752,48.76044369622611,1.1405148897657187,22.243505594271223,46.16646334466571,maize
83.64070372338378,23.38076606216554,6.325861650144664,146.53422651718046,67.48802204818507,145.79335185402954,1.9681052789623374,23.00169152790987,83.4527061749262,banana
42.95659554377683,21.01557999594574,5.998950124785311,42.43478247350651,66.04991766582607,25.795124165907165,0.9661247095079664,19.881882082892453,44.91706308122215,kidneybeans
60.60875583138013,21.812916241624727,6.545951124640584,59.22543233660895,54.2592229798611,88.3252041915105,1.5719869839492049,22.38781322476282,60.54883373458188,cabbage
37.915336348462716,20.570867608276338,6.188100419548677,23.297164258968383,43.89951935201783,47.26108776353621,0.952230109961264,20.17424748324646,38.0712591433828,kidneybeans
64.7986142036852,19.584355622559247,6.669635932595225,79.12616190639902,49.867764241514415,63.686604428718354,1.5279174942042084,19.304897944210015,61.90227916107989,cabbage
78.28956061658862,25.072449625531224,6.677348811103771,70.49291475984593,55.70550482615969,139.09316256034816,1.5693029931766542,25.261253452882453,77.32772728424034,banana
57.26994585153105,26.88862989470001,6.325715119813803,106.03664197985694,75.66217045192442,120.63848153539251,1.5971156686737196,27.078556423845246,57.969489486961166,banana
65.17786126148965,24.775911491281597,6.326458567742213,128.26991628612947,62.746093796354835,115.3863519972152,2.215158311394562,24.677157148950684,61.19952611889511,banana
41.034824677404345,21.250886590929955,5.859779878080496,27.56819210452163,52.327190324581224,31.565215478927424,0.7706566739742827,21.67964777340302,42.10845959060008,kidneybeans
46.7639545660008,26.764983424768246,6.2771666662237084,106.6384396293738,33.04641025701898,30.72863597813759,1.251572789027177,26.505278256924193,45.903037899076885,maize
54.832278944849804,18.359977594720995,7.161955445959074,85.20071585898079,55.969309928230956,50.626149086161796,1.3905856398578622,19.034560641353995,58.889570619698986,cabbage
61.118286506392074,23.487046558507373,5.569911430560984,85.37801265063571,47.834882809256925,108.32018642106303,1.8599189341032512,23.317880856178373,61.917336018482345,banana
57.16935969946069,20.30376296657858,6.866520916021404,95.36728123954671,64.17333383434351,58.10502550809761,1.2089074283726415,20.86643265016297,59.02270002901257,cabbage
51.845973271247274,26.88828009026674,6.482406928908476,123.07296015877537,51.53244883281227,72.10745527218326,0.8537512680688897,26.636542296532937,54.80253114267939,maize
52.689778650874224,25.097482896845747,6.1320626528996005,80.92876065460901,56.32234572179247,49.03954020735611,0.8132919794581399,25.249357929091342,52.67554494061719,maize
44.16598018652978,21.178701003276682,6.901896227249344,78.36422835260574,56.73161605041467,69.17145797925696,1.1452997324343177,21.26036815025769,40.56051308642038,cabbage
48.080073564137386,21.09917578447279,5.726043130940947,44.681357966577224,61.90506811850328,25.61483436170852,0.7983264744562221,20.92414646167914,49.42553232113288,kidneybeans
72.3512091918468,29.822633971753426,6.529275705647305,94.55523040914986,59.62355112753742,188.1917217945618,1.277395972533078,29.363472821677423,72.69308593410341,banana
54.19346644213421,18.76172608504878,7.023650474277982,83.90496361570828,44.59102309737203,94.61276573438847,1.3873052242277297,18.10538976374989,51.57303365470094,cabbage
70.32396845419854,30.043400905473916,6.291627814502792,65.52634647182796,47.87794628672529,131.01291723997258,1.4403505191063384,29.348432133849073,69.6879135865844,banana
33.604187219231754,21.232700101357135,5.886851090519273,48.75188369975072,33.800345417064605,44.42851734795384,0.795900887565434,21.160210725840372,37.75309000885067,kidneybeans
41.70386692029181,20.119363182747875,5.411367985180312,38.447727230911916,75.55497025072951,32.205395629264,0.9906607103285563,19.882100579812644,45.532517737499376,kidneybeans
54.46726921469606,20.983742583612536,6.01091245703262,53.14572269746304,59.924802645920856,29.512746623419417,0.7807236372883026,20.720668140095547,56.44879268383177,kidneybeans
58.47115032176072,20.07966353644627,6.68426627005135,65.52203824022635,48.01966801561099,87.76523198006376,1.2964546169679945,19.56559069946432,57.404316405927716,cabbage
46.74689681873528,23.827155163184653,6.2170484563406125,114.54171681754258,40.88250582315351,54.711390068229115,1.1704889668485394,23.53180453083381,46.1123233682304,maize
56.66329418286439,20.334306575169684,6.474299548759955,68.88778395088364,51.178360755176314,54.123039048073416,1.155449764284244,20.54942184191892,57.699102559220655,cabbage
37.070880436978385,21.842820113295268,6.288659961291788,29.71893187295442,59.26786844977007,42.48343600665214,0.9709346172982609,22.351248861639323,39.02081612584666,kidneybeans
68.47294928166548,20.09757421006926,6.949119324732263,87.24928119500422,65.87429328141147,72.7626218332443,1.36868051531256,20.05740472694212,66.44979482254509,cabbage
63.22817877963138,22.34099418685351,6.801481667148164,64.36223008491277,51.462895461085175,65.85396170932749,1.5193148893030117,22.85449898613299,61.49171643160195,cabbage
55.67877156742022,21.87188528260313,6.33542396070918,69.57607867969159,56.48755297883865,75.9592933769147,1.3199045809117347,21.83651253202622,55.92710203168698,cabbage
44.24478127837821,22.322149306508546,5.988184848199745,84.12728390958529,31.018903402011492,49.68552778506203,0.5139141728952816,22.28403499170297,44.6839511327381,maize
60.87179127347119,28.991269612235666,6.453455455845155,90.75891667634073,51.25013762610481,138.0090305809674,1.6053929027963754,29.20280060958951,58.03777344726522,banana
51.43005150769291,26.32074247892121,6.247607384469614,95.57316147436501,44.893613233818066,47.369486115459495,0.9401241522781312,25.624541283310084,48.729853271440064,maize
75.75380653457731,18.125701586973733,5.987867183939373,90.38473806329094,57.6409603935171,60.5829538833471,0.8781522967211011,17.321149642541204,76.3907533601261,cabbage
41.94591603226023,22.149533936559976,6.354863891935964,38.58117483410079,66.28570309314647,31.552504047516617,0.7396638447738308,21.56946218847587,42.509575281097455,kidneybeans
76.15461111631689,26.90888374649092,6.430111204209166,109.0170059455186,48.58706727969526,129.13926434576481,1.0568571104662718,26.938794462145122,74.22935016614498,banana
48.94694940851938,18.179922221597703,6.476460754830794,58.68483658734381,46.13037402694568,76.67908627302296,1.1435692017450911,17.68483189827879,47.779342564007145,cabbage
75.93652490794808,27.73097469007701,6.369566584042785,69.7742119071491,59.12783225983409,178.41747160990076,1.766507257450395,28.02198816752733,74.91477073128979,banana
35.8199413981668,20.926160694255078,5.8470404423365,33.31909470530047,92.84386377133518,31.461258777526776,0.8417331797927966,20.61332954478773,37.33158440654354,kidneybeans
51.35896655789013,25.797078376881988,5.891660427422393,152.19543868659224,56.18193572967048,146.2355748826973,1.3667635636903455,25.91380348385251,52.0821676015773,banana
46.69867263564074,25.075753397393882,6.682452898680565,95.95872278993153,50.70537036138485,31.269969831144607,1.0526111221151804,25.039676432042928,45.16423849857946,maize
33.20111427241456,21.855232693641195,6.012042623594935,43.556831382219045,45.880586574677565,23.911738506373958,1.0202385066758397,21.788926726979646,30.307223229563355,kidneybeans
51.01646249183529,20.214479887377365,5.922713425057385,55.25084144967704,49.341891988177125,25.509629321706008,0.5797486358377536,20.380746275350614,47.449012715646184,kidneybeans
86.22538409125286,28.908696658183395,6.168148839516239,126.17105632283631,51.38188142633285,117.62536623725484,1.484823779569971,28.47760211496449,84.53911877522937,banana
61.17500138497455,17.710799524426367,6.838860046676472,93.31411458331388,42.1348488600092,54.43878083035573,1.0684518135020322,18.068252942270142,54.116581478927074,cabbage
56.18234696844108,21.038141425843627,6.749164230722812,84.41105172387276,55.62299844726137,75.24045518318141,1.4780036495341986,21.34499135865065,56.59606160299266,cabbage
55.233212952921164,22.054009631288775,5.642269463908156,34.642027028665424,58.00250280939631,31.706342435048036,0.7911829725784406,22.560383081911503,55.25107669914256,kidneybeans
70.1793772822724,20.759485751255923,6.886213851768565,94.80479302351321,55.90643079996874,94.89222507530204,0.8433241387501308,21.347715246945768,69.61067364906329,cabbage
73.52556588968794,25.826968698160073,5.891787002842707,93.665739493797,59.34657100934898,128.3014882295764,1.850923854295655,25.6359277808268,73.29948514794518,banana
68.65937161293559,20.93335359616153,7.152605472341191,76.37045237282467,44.94257895423059,64.23664222532209,1.1389166521815823,21.2918803226321,64.38136216579173,cabbage
52.020339797491914,22.069444468037812,5.3397932752058175,58.7041174141463,61.550562980200404,27.20641811973662,0.3595486462042888,21.131129171036452,47.70912604032481,kidneybeans
42.88897721405326,21.367753723240128,6.292520873582898,109.79963370615751,59.72014566490134,20.192914900154584,0.9429072229701304,21.600996977503225,39.0471453622629,maize
39.81202005902508,24.028565138901648,6.245771652450591,95.0195571236503,49.50317278043813,29.852452242064608,1.2443506443798125,24.25062341167958,41.55588879206398,maize
56.02206260243683,22.853311787651666,5.974438176563555,65.43465026037182,31.21990723152134,45.40256502000463,1.1316491775694235,22.85887107138467,56.99225033943106,maize
45.182931596094164,24.964616381391252,6.245112500837736,93.65035098416003,41.35561747735539,45.23355316114556,1.3697197597574347,24.37589144086158,45.776763337566386,maize
40.64438171198711,26.928117733668298,6.491712534226034,69.08256877078283,42.70707346447692,44.777522051507894,1.1853771713842007,26.137018108721445,43.087839044422296,maize
48.933486473125825,23.40787433872579,6.311317850868195,57.839264795374596,37.376765419723476,47.5764042092116,1.4409625812331726,22.856214638186355,45.22916276232342,maize
62.69530822657051,23.160981579703385,6.580704150235508,92.18120308739032,26.923031402250672,33.499145058476365,1.1784547550267805,22.86313223712796,62.512228187734095,maize
35.654682353686326,18.890281083853992,5.307952446121423,29.260674343901663,71.56727073403135,33.41034096877168,0.7368331663360351,19.339045511483643,36.153023356262686,kidneybeans
68.09348914080572,28.084390571448512,5.901679271257858,116.4371836527342,63.45464142046006,130.89132103430424,0.9442731255033137,27.068707404450247,67.17020473496383,banana
67.53105560392277,21.818123015610194,6.814588910045443,66.82086437485867,44.027623356736605,83.71900753576062,0.9102242266580995,22.102640889527652,63.860591451032704,cabbage
46.96291127612564,20.042614980710223,6.174935360546179,71.32173584850736,39.01897646910673,100.61391425304623,1.363838775362251,20.467344721517314,48.17241108400523,cabbage
62.79646358905648,22.12218051520516,6.443165443890819,86.62253457182507,54.715848078458876,64.28647733650993,0.8764300125934152,21.913233971508642,64.81554789679528,cabbage
65.03397689622639,23.228317361133968,6.4346621873525205,88.02478473065669,55.448728124544274,41.463852583863556,1.2678070029034247,23.425236125909183,65.20971217038785,maize
78.76586431168806,19.268191509725092,7.1391779213543005,71.06957142566851,51.53797680536202,50.65169830530429,0.7361616228619388,19.157363786909677,74.83058591830427,cabbage
76.8044526560861,28.27987233160158,6.1896754457752445,109.15501195228248,51.55530667200891,152.2689943511342,1.8695938209795067,28.319929496585612,76.48981699038917,banana
41.86712180223397,20.16608905724623,6.377646024049833,25.057350158796773,82.99704703335556,41.49513075679265,0.791411783408651,19.748522800717254,41.84708801200137,kidneybeans
44.00563521168678,19.01734907236461,6.8243815928910605,91.25855245790686,20.491278714599133,44.91205310514429,1.2879491164588641,19.288343009201167,43.06596219468933,maize
64.25740927876123,21.078877041273294,6.75425902739645,103.83420945264999,43.88404191620882,51.01339339696839,1.7109892428031523,21.16183963543376,62.93271370140144,cabbage
80.7543865493999,27.90799126289392,6.006508169815084,112.60046598097226,63.717581528398675,136.75280026388643,1.2733377843778415,27.310346328606407,79.1830324928649,banana
43.815317975735525,17.855896455252644,6.572753422530718,72.478171907698,55.28616721554583,93.89601093834261,1.5340961843579803,17.82700780631375,43.21936621011673,cabbage
66.91772468966063,26.850462156870545,6.191330656844144,119.0829628327957,40.53467983908471,131.76438301081072,1.6550971416483424,27.284992523619756,68.0254773302183,banana
69.82994288910977,29.980248684593143,5.687187000528056,98.68421027689989,50.11708199939368,116.82045010976401,1.6210128727580175,29.029027099492822,69.63310807179421,banana
41.34275721437144,22.779853700990003,5.589884576840853,34.5916879678031,57.2356304050553,24.8913230019443,0.9108322970164346,22.593554497627856,41.326405600524794,kidneybeans
34.537041827073566,26.943529722444232,6.375261866421775,86.36250158299073,43.463148956379825,33.19999221532741,1.0019900510323172,26.364727891878225,30.63141076697707,maize
58.20214596629343,19.297193463989036,7.027172076212155,95.3611354227456,38.45932273745791,79.02628008112664,1.1467902973935824,19.494506757346684,56.89782589181954,cabbage
48.08091872662178,23.90998891539867,5.911534808312951,26.98099310654515,65.8435002080867,37.86168754215485,1.0034043612836383,23.70031575289667,50.457618567832476,kidneybeans
59.61857854708902,20.976409279467145,6.884784981144422,77.24447779049443,35.555206588471094,86.0888439273876,0.9051231469787226,21.029061004038816,59.6251501159872,cabbage
40.34625257163418,21.01950497668294,5.543594309970228,49.26003846030724,62.53027903467247,35.63625497495049,1.0574184519893823,20.35510822108013,41.789576491253165,kidneybeans
35.3876044676588,17.419069264014276,6.56953089958225,31.2548561594445,66.72098966216628,32.41118283453674,0.6716735121723968,17.746831712360194,37.55506602887355,kidneybeans
63.8493927093963,19.770508587999817,6.723729946163747,69.14115740966434,49.51428511200729,63.44348677360178,1.1968109873796875,19.760727860501174,63.192509151587274,cabbage
54.97005482457001,22.618654203030392,6.355713120889245,31.89528336335075,54.23889300224514,35.61537826714919,0.7866422642342379,22.573626240243197,58.75151517677243,kidneybeans
64.44819596519703,23.530047835909134,6.272008741051883,122.77966360809296,50.14479456397455,118.26097560894011,1.7517604065456789,24.2010756158593,64.09416879304416,banana
37.8495189077572,19.90214420767314,5.6343168869926945,40.80441672330216,51.24693430669064,36.88848960059154,0.7539727613776726,20.63039724655543,40.68844585338711,kidneybeans
71.4728449566215,29.26713740575125,6.10216211811291,99.19868452125496,66.96200082163311,165.38813834229637,1.844622704946823,29.25566609068133,71.83570775252223,banana
73.7848511692528,27.717912881302944,5.909700701942336,128.5690170063666,49.432138066384326,150.7899633925014,1.5802620858379661,27.848432458675568,74.27472962334174,banana
61.013834846942856,28.647441854087585,6.289860497067186,129.30964832995386,30.148647346646275,118.15910337707052,1.7142341245659902,28.783039658277517,62.130865210157985,banana
66.03951961183387,24.471139277645573,6.789899220884451,75.94484906475705,55.20233637128452,140.43414756465182,1.7325687560552143,24.62686143408734,67.84935664922163,banana
51.47538914836686,23.618693668869103,6.03799218191396,72.32365044305459,59.87398289685863,41.22193467241728,1.172054765772581,23.774875641690656,52.78662527070962,maize
50.29572955321082,19.42067090034914,6.650303256212755,88.98951069181716,46.32300378753673,72.77702834246368,0.7457282427199617,18.981844884801717,51.40281056315301,cabbage
68.7497352100663,25.111154243193816,6.163160401236774,126.94655014405734,63.06199413181288,124.26356216563744,1.1628084712711697,25.788660739498813,69.15843058448421,banana
71.36234007116965,26.215547974159435,7.017859368699047,120.59058841542901,44.7884345613207,124.80421850024129,1.9928202905812888,25.976999307104723,72.45658468204833,banana
75.2365031755723,29.435450374902274,6.423702891770834,99.6927978337149,50.92592329372782,138.55354234738462,1.4317738107733031,29.119236595013106,78.09607808051314,banana
71.85647066625478,26.38574585382843,6.361592649915702,119.79262409973124,51.28827270483208,112.19429621837878,0.9639820218465269,26.23796371869893,74.18904727931975,banana
59.01455763392876,21.044655085709195,6.533448482695074,82.1429559001385,48.53877088584592,73.01145928190049,1.3416019706679014,20.96840009787241,58.40357585860897,cabbage
47.59239049313715,22.710400306890392,6.487731828363521,36.18698574515733,66.5947411419403,39.16624408829806,0.8068315887081579,22.55128214456016,45.32500712204355,kidneybeans
75.63461955261693,29.039021835329258,5.954381139125763,114.70245117739162,70.8489385780469,196.59333888042082,1.6805686945819325,29.168407855709503,76.07888403771582,banana
24.07483830038965,21.257551913121443,6.2542387796196355,46.31546907331596,55.33728866995754,30.060025663375733,1.065225814007337,21.188677848603394,24.00288090800666,kidneybeans
63.10684702827251,29.932405639251364,5.938841861795974,113.257827904448,51.92856988867148,114.62628311228917,1.5958662020170085,29.87946736990837,62.49822668929293,banana
40.34673788437145,20.12994683103295,5.957730998164098,36.4797128533095,67.4624326956457,32.93408070298053,0.8178024507358046,20.497711947728988,41.833951884570816,kidneybeans
65.05852272374037,22.479413814138248,6.1427839498855255,59.18248805549902,59.95030778384006,61.07525970955985,1.4362702131544942,22.920526713069275,64.70908366352809,cabbage
54.70501254315505,25.310469607031926,6.010314185327354,82.23589011168882,45.37227836421577,34.134321404094095,1.3434547679293274,25.64899123195502,55.10428257897808,maize
52.69490614874603,25.205014058290676,6.572612994830662,105.89316561926933,25.258005519193258,152.734204769603,0.9383533492699813,24.90473488368901,54.24641074964585,banana
78.36069442599741,25.642041371296035,5.722785257505588,119.97627771964954,40.89963627498468,153.95868687247406,1.1722337188849763,26.02953758406546,77.14318057870676,banana
55.512567992967696,22.031324566771325,6.857467109295098,61.78839280399596,57.4562860692342,77.86294420997449,1.565819749184488,22.480294330491255,55.19048743137552,cabbage
29.760373793615337,20.03598913967638,5.693426455071393,25.77745052250307,60.44215793992936,20.93790715125739,0.8482279384000044,19.888303823088858,34.21996402400528,kidneybeans
71.0601651392658,17.975941998166928,7.0400807074018,72.10268397875092,45.86384147649292,55.53406281728547,0.8680779306403578,17.809057730480628,73.4652202745616,cabbage
48.97148685118313,20.67308844855196,7.04402338163491,79.68543700663861,45.6796046048922,104.72218854279146,1.4160972356697328,20.94706365083277,52.31835481372493,cabbage
35.92686343915708,23.72713402014997,5.773452726569439,15.976944528706817,38.602385892163625,32.42089660729105,0.46782662483958337,23.565904475747512,35.05694644088479,kidneybeans
46.6924568118039,24.958442782956176,6.32961337091841,24.3285691461339,34.41718949162363,39.06779815129641,1.1509082946774505,24.633086618017504,50.69438301498421,maize
44.12664453333137,18.81754141002177,6.395770372224106,88.02490586950277,37.86446018629645,49.59705955014987,1.0717078975677758,19.5288697727097,43.6543843497754,maize
51.3946313035554,26.640119824233388,5.7402648621564305,75.86029158437464,60.42775187002065,115.04738632789018,1.1878197435475486,26.617929417730853,53.49947732915374,banana
69.82528068898817,26.826080048787958,6.391149394259119,109.5892072891686,34.258698051121826,136.72590287711404,1.4466522824133932,27.437504374505505,69.98099413752279,banana
40.974781064569996,24.832675931545637,6.32246235949422,89.96544264282576,67.81632877276061,62.85318394224727,1.35623042328135,25.07701389810998,40.40204879283964,maize
37.337889302277226,23.118425715039486,6.278374394827577,31.112930312857387,79.4102801569179,35.861083995646204,0.659754801473713,23.143979405240817,37.40730143656147,kidneybeans
53.004723151738695,21.06998201851296,6.311618932993962,111.85541692071303,39.13414914929099,43.76190705670341,0.5464531572392494,20.207578816089207,51.25250330328278,maize
51.44656802406306,24.656873062867845,6.947651307584467,66.55226189697964,55.4553227478968,42.81970871895578,1.2543203951230648,24.465639839766315,54.37127855100978,maize
44.56435878253843,18.575224905300615,5.485064587782583,39.55213219016736,48.1449726268841,46.152666606160956,0.6728394886904738,19.139691774960326,42.00298427985629,kidneybeans
44.527007725420084,26.15663500123818,6.327938289670019,26.507134646240758,88.41323766505512,17.41346285181768,0.77221763745898,25.721740872602837,47.97016156001391,kidneybeans
45.23669961195224,20.66980577960662,5.863568071002737,31.26560906922088,67.92467257352298,30.800515196259468,0.5896144356040354,20.57529920159422,44.544375474682845,kidneybeans
62.78007447946468,18.613838896023584,7.209007521169736,91.45163649719636,36.87999985422209,84.5038526274029,1.491636676436802,18.66717975266211,63.97939222790539,cabbage
39.48236824932885,23.985208317697705,6.376496968689238,20.762624261689314,59.74132974449684,39.69731634516996,0.9982133381663001,23.89105632057251,40.19161057087889,kidneybeans
40.77658257530379,24.49447520485463,5.803021724394569,110.8351396443804,36.391583214764296,36.47841194034406,0.9259469871050252,24.99335977331161,34.681317444598285,maize
57.337946413361,17.265574217396004,6.611839930757924,94.8177240071767,55.83468126631814,50.931129527817625,1.455852444362072,17.179403473619015,56.51703323128297,cabbage
83.47448614175268,29.3201856932871,5.870061449740699,111.73913352120381,54.540230493369364,126.93306653968851,1.2963635478473465,28.770965429459643,83.42057446888226,banana
62.18475284505241,22.362453528829985,7.09571180077457,79.77383585262996,39.37892891242894,99.95554441680798,1.0587029929422784,22.66704009490558,58.458869749387766,cabbage
54.3467778815994,23.258572616163228,6.658794435305332,95.60615101746191,44.39748153598713,63.362258397300195,0.9412967090071359,23.189424183185853,53.42252373125451,maize
40.08369503974509,24.135883963475955,6.644718856093211,79.96088002508614,21.803892732487817,59.77393634170035,1.2257621670942163,24.00301655154035,38.51733531631475,maize
52.16484666477785,22.77208864077216,6.266107793640966,59.4792859247362,34.022782821257586,52.67085292752599,1.3327936109209637,23.048224705319832,51.76875432332829,cabbage
39.538562097327954,19.332230348012892,6.56413939438626,79.64121106768351,48.09588242989955,89.78934092521368,1.2595098447790942,19.61203427059639,39.602020494399035,cabbage
41.413242349486254,24.72931240162476,5.6935299436261415,48.869012449981014,59.92973616819219,30.082289771753587,1.2187557701645435,25.279275486211947,43.087087920734504,kidneybeans
57.13244768689962,28.93599760910773,6.394201988298227,82.8239405012392,54.61852824979551,180.1999920816571,2.143034047433094,28.45924508473098,58.85368273157354,banana
59.644960845105786,24.632996760011473,5.683188730139749,51.33081904972464,74.02438391972298,36.22414943755618,1.1228492188749795,24.34541794726365,56.45010560277266,kidneybeans
38.62746696939727,20.26234792443199,6.0874042824452985,104.82755637377127,29.40616764694391,33.1852093207118,1.3232139540807388,20.728616760385517,43.05577220098109,maize
60.31382342209405,20.502973062035636,6.525234956995551,73.3906177974257,35.89389899289073,45.59380451209694,0.784150646914189,19.704651971046854,57.18921644824573,cabbage
36.35277623988085,23.339559136469468,5.862134344504494,42.49031737060827,64.00082203560031,20.413137296236954,1.0052143940307066,23.66010203101169,35.60198610604039,kidneybeans
64.54744708145863,26.23992387561561,6.132610645844022,82.23346546078115,60.67554324444629,129.44010912339272,0.7124559947709593,26.24003191725088,65.29890767668334,banana
39.28166267807148,18.83469472007156,5.780871837749663,44.689846808275384,57.96650476848388,12.169947856793325,0.768692284456981,19.072993882756247,40.60595324105268,kidneybeans
45.06351855284028,20.228235142277228,6.8906531333561,105.89273423291814,48.68714062376786,64.10817215592617,0.7917130160453449,20.88652418772451,46.46812412688298,cabbage
48.54063255591113,24.819988709285273,6.63193308963492,90.70043772422628,49.3751224861987,35.34648805191237,1.198877276590627,24.37080588964242,47.65460824942819,maize
60.73812480114542,23.218329937655167,6.871724674768958,44.76850246177282,36.778661019167004,69.45424124481458,1.0320527750056312,23.574347738859224,60.47591908923482,cabbage
54.00360956645166,28.32174411101398,6.148181918350324,71.72877769688131,40.85526934164142,37.030890107033095,1.4312866822187098,28.495348040394024,52.69086777935544,maize
45.952970022492124,24.510785132922813,5.255515859734448,36.22907372862694,61.21806058231171,24.053382986202507,0.9553131103423151,24.337403001011666,43.66251408071868,kidneybeans
72.56078434450771,25.912434391294553,6.053460913140279,84.67966941183556,55.71437396305817,156.30140303216848,1.677331954329167,25.8325816614235,73.69066565160134,banana
53.30958864035263,23.603285208693013,7.5413387478208245,90.13120695534896,42.57079232090964,74.8962594325937,1.2448905934432264,24.253279627963952,50.9178316780704,cabbage
35.59811467244255,19.098133595929273,6.249566647821586,23.66132458877288,51.268603737415376,36.287942439401796,0.7394148412188717,18.629555521518764,38.06372205098027,kidneybeans
73.68214996997551,23.783628377576918,5.900623998322421,141.52418693813598,38.84909864144268,126.71491609348332,1.5257997195015647,23.55949748444501,74.7860597625867,banana
65.56965969468867,17.756817976693753,6.374446188966827,40.503518006853824,44.15263922765541,72.13381646182258,1.096742168746386,17.75970296182721,64.00769579238553,cabbage
61.83133086794765,24.39613085967299,6.563569645508967,135.1974136624063,64.78280879149584,150.42971844358618,1.4233080884856613,24.379362975176058,63.240626532388944,banana
44.538150997876194,20.56907500411897,6.013665779947596,54.53424762432877,61.00890245905807,36.06129415110974,0.28145669691954633,20.53859673530939,49.66717763446171,kidneybeans
41.489818174016975,25.13605084553591,6.558316882725099,106.09583991324138,49.85161112545738,52.95838655219774,0.8087929758847401,24.97728530904079,39.52298621669891,maize
44.74867986892308,19.63853503256452,6.070607266426265,88.56486785057744,47.02775048252367,23.293845902045884,1.1773478925392364,19.441147748902967,44.93955794589855,maize
43.27434388829211,27.583036266515432,6.420396015827406,62.447125369379286,33.77231567729005,50.633130735164244,1.092291871478954,27.1520117349685,42.15344495068596,maize
63.644643498692616,19.16901467152161,6.460256850091459,68.78731822529693,39.07464016227884,55.9307358511959,1.1369543188813405,18.548220210271175,63.82649551564957,cabbage
44.9345014309121,24.90480463482211,6.733218778598962,98.83380076188874,42.43345883600247,31.093145700247437,0.7545127421590919,24.505146678289705,42.47867032952841,maize
67.764775920307,27.67961714898086,5.801292931947458,94.55175137137954,50.62768331577626,133.6433629774561,1.2675684013264918,28.088234695373455,67.02354981322728,banana
55.52451773112971,21.532857303929408,5.874123790385687,126.87760171553916,51.33910377733742,48.01970742519271,1.182572486404148,21.63359907004741,54.393240234419636,maize
31.59862319175182,24.173452837831945,6.767210767504473,77.1821632461791,38.49436379594408,59.67181250709042,1.159206529197007,24.605795319812295,32.02922845163484,maize
42.63905640522818,24.652480919422302,6.12304977403686,23.184168980091485,57.11231993217819,29.220550636110445,0.6264752739545904,23.881472465135605,42.7421655318781,kidneybeans
72.16084897933496,21.994769167412734,6.721379414673569,87.53707639759025,41.30591555145329,84.04195660631015,1.09006924962919,21.85507784760707,75.80757292473571,cabbage
81.54766828470378,22.801587314877512,6.617839712400853,96.16616411654012,60.33107862442873,130.34597473222837,1.250471647721157,22.9054318540388,83.27930229106342,banana
34.18143661446121,23.631178299399117,6.588312053974888,101.9983080349716,53.402201626941974,42.46037321952219,1.0040497685730638,23.715732889418426,31.387512498958948,maize
57.344605073660006,29.465727486618018,5.876165055117182,85.25889690926226,37.34438423095684,121.06840754998093,1.1831203775127996,29.444464891390115,59.75362017687232,banana
49.268317528613714,23.832617067754498,6.836782494770802,87.88300460234782,73.09210861229502,29.11102435821275,1.3571952299363774,23.8541180929507,52.38595002421189,maize
38.433282835287685,24.08195523219065,6.650038768920731,76.44794548988483,46.103957256122186,49.11971582126754,1.0701584501807808,24.49091812233484,39.59060610291802,maize
72.882418183447,25.26931433579633,6.103240625456804,107.78223479523184,40.05235029484683,155.62550427849467,1.4011825387761918,24.98366189891631,77.28011389041167,banana
45.09556922747942,22.252673928553133,6.297177377946755,69.69994623194916,49.32594451726152,53.7654360408152,1.2375506240066103,21.79120396199323,42.86091402337687,maize
62.693657534050445,18.11563800608139,6.638643538248041,89.08646901591253,43.56085787636219,56.01501008399538,1.7135000721179607,17.028943370723262,62.70985315674816,cabbage
55.017433307817406,17.414129891996854,7.015367792117778,76.86554280011238,46.45236327644516,92.98702246195177,1.3172304129602632,17.274239772271745,55.62526935226668,cabbage
59.261134345296966,19.578075441258637,6.29729369876014,87.29103869687874,66.50369167819044,51.98035980805115,1.3208779240525237,19.811414267724476,60.25977348200454,cabbage
63.49054224729486,27.582410402262987,5.841159994128018,140.53439694235243,34.55933071676211,165.08283361024527,1.3090511850455238,27.176782725108875,63.25814367857535,banana
68.08201492403556,27.36582946025741,5.790639379468124,120.41397564189526,63.567126888331345,133.40692854572805,1.4367843062769712,27.412416826277976,70.9138434731901,banana
29.82829176235348,25.521925272089604,6.309194260931706,25.962507274508496,50.149786641815666,33.195872805916075,0.7669601681739127,25.60950081091826,29.422993775753064,kidneybeans
58.10481952709365,21.326224762131464,6.631565445485308,77.87525675294945,43.27674399852179,69.55845705063126,1.4341073198666243,21.55429376377487,57.623821610128864,cabbage
58.398297523020005,19.314958302601223,6.86475714826991,96.57724720919663,41.70027223020225,65.43161162340259,1.2581069035153791,19.672568063837325,61.41413635748974,cabbage
37.582563945101455,25.94334394015436,6.2097765722235785,110.44887630399771,48.40209976868338,38.7151526986321,1.224679860267431,26.392415241979855,38.84015653232206,maize
39.95758396592845,22.430800453339213,5.44474017440673,28.607171923576704,62.3877856542509,43.98736220520259,0.9729170391055313,22.390596918613532,38.63413676955216,kidneybeans
62.58139880512565,27.135110968161648,5.620015199774696,114.32657544340833,77.70283989222335,116.06497305038044,1.2587550115275123,27.35051010961808,65.34106346463443,banana
40.02202537918814,25.477265806983386,6.684410450713776,105.3231403472062,49.94556655322853,37.67714618597924,1.159650197732111,25.15545515489346,37.785413744775056,maize
72.25916215500776,27.021965785164802,5.553594897422608,92.38076805735739,24.75621075357589,144.82214246739412,1.7774097590309377,26.702231199434813,75.27660140165291,banana
70.267931793905,26.607003159203785,6.137849558929292,107.6359685402164,49.23143617731853,167.29780009863654,1.5031006689547064,26.46195877902902,72.82087355946686,banana
48.46026519323472,19.279723872845974,7.104795414535202,75.91974955744222,58.737662540561956,51.067337730690426,1.273330217921377,19.07136324818068,48.57458486523837,cabbage
47.475782180252494,20.547767876519366,6.7146815178124335,92.12220527225189,64.42530394011808,85.41201162733805,1.0715466291485067,20.73043982043227,47.66830467979044,cabbage
66.08407202927562,27.180313655335148,6.191674057570744,118.36835370572018,57.48445819948208,150.9912030013213,1.3533952293111113,27.958218550395344,68.11842672451603,banana
31.044101238497195,22.598402435143015,6.004175336618799,26.994193834779555,80.23265210774615,29.10247092756015,0.8340091057121272,22.455180723458742,29.254593263760995,kidneybeans
73.53238407249293,25.027519778966806,6.368139623780637,91.60637143855594,58.57373190707043,161.1932149350942,1.9219846600951933,25.152535744559838,71.99934317853518,banana
73.70721250520143,25.294124364415456,6.292218733060876,127.27319413482597,41.66394877634302,100.07515787791138,1.5850324307233912,25.997943272195176,73.76948221109139,banana
60.81423113056732,24.505765479577985,6.185108119512487,79.47226557120598,48.52034471802924,57.45634960171873,1.181003131047495,24.591804733905597,60.0726747916432,maize
51.4657660995408,19.111110952413803,6.755244091873473,31.972354529770584,44.73794361205864,75.49159907899607,1.0804156528771598,19.955105118047147,51.26552706566763,cabbage
60.7439261759124,28.106153574050488,6.217448811204432,129.9804539374699,67.643145250536,129.64238308205304,1.4153912856630166,27.9990692432315,61.2503351965031,banana
42.52448954996358,23.43868520603047,5.63482743573394,42.08373313466359,72.18639107162527,40.8831277788597,0.9227171032022752,23.68204368261412,48.72826115745331,kidneybeans
41.17564857941136,20.562760479075045,6.5627780733251075,97.96582123567295,48.78842603458394,40.17767521297079,1.1330866266006683,20.81303070771351,41.316486834065934,maize
53.146614357512355,26.668056041429956,5.58787539566485,96.04514262479442,32.720001191775026,68.25779791881685,0.9835579587854806,26.595933232290143,51.642292621377315,maize
45.90177590035536,18.123599478592052,5.952565263772223,25.07640987743671,66.54160327151583,20.36297922371118,1.1484627692392468,18.212759143793587,44.74253596500291,kidneybeans
42.70459247146679,25.59383452724424,5.9952783189071335,118.10588763246432,43.487523532536244,34.25233986182286,1.0617435309484469,25.748658019002537,42.81941261434311,maize
72.28725639394105,19.188714734974326,6.712830269592388,104.83787210659958,47.650681337120446,72.85599245555,1.1550356889266804,18.104822837861946,72.67493798276207,cabbage
52.51121310841835,19.7604248077111,5.743117922935124,45.708480494137426,71.3976384232694,25.834565922622666,0.9422927303135095,19.874507178257403,49.78671414868344,kidneybeans
63.07543550095727,21.452258112231107,6.626479728521991,76.39244744479619,41.01559533245918,56.3246810969504,1.1333537788442156,21.915475990893555,67.43818708871434,cabbage
43.76448458107141,25.66396309078357,5.613456005630701,81.30977714295639,60.51880120122489,46.78740963286327,1.127837607349528,25.541973803298333,41.04399770588706,maize
71.12663060695232,27.960482305023532,6.54387711209528,130.1941170576081,52.61142025616054,138.89508564521807,1.3569347930900166,27.783739992106383,71.31098482200598,banana
37.38885825808349,21.916577985126487,6.645582276831349,92.35848809148155,40.109225318810765,37.75388948482276,0.531065899069562,22.308412121588876,36.10787811437264,maize
39.49393485876284,19.559678306073383,6.418774467365202,52.721703574378495,56.44900623132108,31.320081592506007,0.6676751215072362,19.65952055847936,39.78619814067674,kidneybeans
78.99935071257657,24.33824549477302,5.83306290211084,88.74051950719638,56.82173365255917,134.1439792347032,1.6184433813438273,25.12012250093752,79.05901828682985,banana
73.73372918238496,25.27603528937325,6.450781032721051,96.63463219272381,54.58469462106616,108.011087839864,1.4879715263686693,25.278729103013898,74.37031158769119,banana
63.01475689025336,21.14515443464399,6.66856103416143,82.57793630031485,39.23352707766307,30.428620870804437,0.9676819233250268,21.376867223172365,63.44930320671061,maize
73.67919404741907,21.69347248838213,5.998977587092783,71.82539741173319,35.721663670866846,75.1532139201322,1.4664142223700107,22.212793474758044,70.90242544543936,cabbage
75.6438923517103,18.8588345962927,6.763333223086339,70.2664223994807,55.99174156779989,72.28981215953375,1.5489430382030627,17.967661637966017,77.97702662191823,cabbage
57.21211137578483,21.14289845103269,6.632523913748202,84.7815687110143,44.22852822445145,29.44207384079815,1.1817857361432638,21.627428528936743,56.24493475693851,cabbage
49.59926582081841,22.55071124501902,5.895179938222935,52.1159237228004,35.29564175482421,34.5974532258308,0.7893314075506545,23.13028485491936,51.03596174348009,kidneybeans
63.08071528125157,26.717194658349243,6.108498023524882,125.33954096475712,60.405978489335496,117.80061494586678,1.428158680465103,27.11166427750553,62.840544791114084,banana
65.53414475535162,25.794043374865993,5.864979683831013,137.31964848324094,57.37058766231932,122.25231811720262,1.1448722708819414,25.646163076782482,64.24857761607016,banana
72.63363312601362,29.078738089837106,6.70942004943355,149.68186161595463,70.63183531876763,145.01656564516466,1.3145836779644378,30.049405193329655,76.07185126605948,banana
56.49763601302507,21.20587204251585,6.044112026311921,55.68961035906796,42.666056653219506,53.01244655827118,1.412653397392282,21.62758426215299,56.96253890346488,cabbage
67.88214293386602,23.45317092238064,5.694873574583384,117.54219200298331,75.64850122864806,119.88737232335139,1.069733337762719,23.377673237176147,63.68233896241578,banana
45.47005926125134,23.059609821924752,6.552209495012277,105.39034783735102,41.25158537102391,44.61461738156588,1.0892166025897732,22.615237383838465,50.005347669049854,maize
62.14343930863906,23.33540302021155,6.5117900923269305,127.0853670694334,46.106131225786775,51.94670611628408,0.7082057273536384,23.57578673409151,59.821615395865585,maize
43.9063338078983,15.156926256737457,5.711495277123839,24.230951350742806,66.45185869927464,32.22519928179362,0.787623352974521,15.416877446134484,46.87863509961929,kidneybeans
68.49079211113252,24.441006408172203,6.59279808803087,76.55896467719735,76.80486330160149,150.80365351167157,1.534554264945837,24.574263421002247,70.49720385036802,banana
69.52208290712282,30.454836573256202,6.041313300757693,83.49423239557251,65.72226996595239,197.59647668796805,1.3927409674336395,30.62725837029606,67.60009022327418,banana
78.84923396290388,26.071239215609104,5.71811427137808,124.5333073995626,66.70743404871901,147.47775555443326,1.1695134511277214,25.50254827679412,78.99654715288827,banana
50.12398176165911,19.47543475796788,6.477947768711732,89.51417960006526,49.35299918450476,73.00803844452709,1.377990042835851,19.595469068303306,49.73446130819774,cabbage
66.13419433810496,21.66590241524537,6.702321500326486,90.45602114461622,62.777663635916596,70.71941338610661,1.702451937242782,22.12683722521509,63.40620016615087,cabbage
64.55921421689985,27.92043727887013,6.247980338151729,95.58356684448928,55.61826218398067,141.7980518338854,1.9293297496767892,28.151370375584,66.61159355311358,banana
35.713875726100575,21.00423833276132,6.145396590602721,59.27107285597881,66.86288109567718,39.722736897942205,1.2110953717237238,21.238480589485235,35.47067854540749,kidneybeans
71.52861422592014,20.40844185124327,6.405813756769773,68.06207096162422,60.901660336906616,68.24820760457366,1.2773494468871538,21.053942190538873,76.08944684976653,cabbage
43.252241981936265,21.675965710223974,6.311818435225311,50.95847898102118,47.44531238549773,29.847756125914717,0.9438550473840643,21.271564192738012,42.1874862833378,kidneybeans
47.29982858072111,21.904938380828767,6.1782367945445795,34.03521927312951,67.53375669631802,43.512600667889764,0.8928899914990842,21.660695422308915,45.32907257258135,kidneybeans
48.36010761129204,21.23355442766289,6.406653226302241,16.689716207207937,53.37097425333846,29.773459522306712,0.8693361497487418,21.11736915800671,49.48690528661753,kidneybeans
47.60824860597211,17.715928635482403,5.776498333368043,39.78775561687081,67.8844231928226,33.66913525189606,0.35943012349807407,17.537209673026855,47.93762384561155,kidneybeans
39.55989123831509,17.324977725213365,5.649816010544913,50.29508798457608,67.16863107763982,38.244328875972,0.6451296198223634,17.187486256598223,40.09073932959431,kidneybeans
73.38276110101621,27.786459553969653,6.317808709911742,125.49513467501545,49.078709951516856,111.6349823053758,1.4833639875576257,28.346605920722187,69.30104339972118,banana
62.20691031485737,29.37228500423766,5.34517144126817,127.08990050411136,62.93347910079771,117.81379742476587,1.37768076851867,29.534739906119835,66.44707185695894,banana
41.17405319552944,24.01584765590567,6.00094367830582,64.49684233325627,50.59540370616166,41.09322397400804,1.1183188286464243,24.89019316247272,44.3242188507469,maize
67.73925523213511,26.8243286427926,6.510540818129538,120.62362410447483,64.08238048634026,104.43048625120123,1.0938577441359427,26.859902859148313,66.18300754841393,banana
44.27396160957731,24.47888257817428,6.128500531910172,45.64028090487315,75.76853218159772,27.569878769310705,0.6674295555726589,25.211402706405238,43.18531802503181,kidneybeans
48.24505194075534,20.026081266727576,6.037722660085776,71.95780834756557,43.140433228139514,36.46240777412588,1.2602476798487434,20.542755852991046,47.703264686613466,maize
45.525227682238096,22.704300394084314,6.527209018243676,41.88898020414712,59.353001566454395,52.42028902979491,1.186431644950395,22.338250530292513,45.07231851314982,maize
56.52784184630115,25.325161764003667,6.457536746042056,98.61975969336831,55.190436932417626,50.75546509999895,1.0553362077465276,25.17941084684637,55.62790108257185,maize
48.6612714602838,26.132745029691623,6.362283303675719,86.92931106847456,65.33362463978,157.74380771077747,1.4338031780276153,25.84380088614467,49.459477870880306,banana
37.11223112195997,23.150589722144122,6.092198841578256,31.990609589866725,70.08827842779436,42.24984451010057,1.0571994729356569,22.93680147345908,37.75917928894465,kidneybeans
59.241531524880095,20.3939586091852,6.624021517102357,86.73406431475792,39.214072366632664,82.81375741305163,1.1214206426915916,19.933356884635824,64.19236780407599,cabbage
47.24685377248302,22.370052775644762,5.4219659016662245,40.84594181390804,55.83857615541069,25.217347618225293,0.5993041180991833,22.146358202286766,44.926279480563316,kidneybeans
53.616670846272946,27.93964984640993,6.274118789457581,123.74753933839295,73.56308343435302,174.6217932151522,1.5888099231127852,27.907206983790186,52.085959816032336,banana
67.19974482396677,26.19443411778752,5.96587822243964,115.91587519699905,66.89512273330861,125.18348418436022,1.3133977428294936,25.938027751392493,68.39891386354752,banana
38.07370636409322,23.378468057540207,6.259078072261991,33.06651779052356,24.417142175069827,20.77847458077528,1.0426246500930934,23.21652552460347,40.01350175140404,kidneybeans
46.22221842320981,20.87088196473465,5.7221066857829355,68.9045113277857,58.81707593377797,43.35348972456049,1.0957405276656342,21.00051765366267,46.42511328450991,maize
43.87851291612966,17.991691894950222,5.584130458807882,22.644768861382648,62.24369607872487,35.41415137774003,0.7613678646122743,18.63786400422166,44.54190607355885,kidneybeans
69.95469087753493,27.092116277154233,5.9906714745807275,108.98476082498479,62.12375374941518,137.49415183655492,1.408539641101978,27.107268274950073,72.08170873443798,banana
41.64407368023503,24.175942167026186,6.473842441377587,40.68406268980162,62.20100850886091,30.400963303213537,0.8041017128032669,23.94186853641552,41.97151819035107,kidneybeans
34.76663752807679,19.582365955700805,6.028485742748777,46.90971936299664,85.01797273554523,41.26578135036766,0.7578340573287666,19.320656481307072,34.651528203144956,kidneybeans
50.43773663803545,23.079377608029922,6.877351780434869,90.20612325007178,44.407173539740675,54.67299235842772,0.9584262711047485,22.89859721608852,48.88871651500866,maize
65.98200179310876,27.402689706429843,5.661262784543754,110.1298395688708,53.221068966546284,150.7816660673909,1.4811579830568133,27.64790739033816,64.33378879458076,banana
44.95530663006208,22.17618177417079,5.485617095275393,12.727751721358523,74.15376446234448,24.706509789374103,1.0821525708624409,21.98010332877958,45.213391287236554,kidneybeans
50.69981268707768,23.861581618661297,5.632746107430167,34.494967380363356,73.8478771283234,33.64284545801166,0.6932731501681302,24.536779795248684,50.92373116996644,kidneybeans
58.39091057726704,16.708433670371512,6.285927207006651,77.34544231838272,49.758051117686456,62.54369798709982,1.2318418261620576,15.957667279923218,58.015494454483445,cabbage
54.5596224553001,20.129543774694074,6.438215247294532,23.06231315426298,61.47859238589289,22.52905709888021,1.0879886278201325,20.590616925686703,55.80450454881903,kidneybeans
69.48199648919417,26.660898568599112,6.0624866752420346,103.74506632062649,52.54895606667068,148.91227623644755,1.42384873166234,26.454248663809217,73.38227445754421,banana
61.938420813174,26.958587271787533,5.977330272937363,92.83520541325426,38.327388863351814,148.71240345754336,1.0145318191444823,26.92565700051044,60.56793519881595,banana
44.36013215727376,22.51399911950316,6.150143811587231,92.14606550029306,43.83119813591476,48.905305963195175,1.1337808629670205,22.394137893881016,40.51712309617648,maize
50.854968473196074,29.81913275086521,6.213291678492347,54.745354072853445,42.29844870662904,48.64534489033262,1.3830130721035445,29.89640538279049,47.19817785031307,maize
61.78775322680488,29.894117392062203,5.901326554202622,97.04444172119584,61.42165199822243,128.97218117226592,1.6882481690015534,29.42935730342228,64.62780906237909,banana
54.97164420846111,28.382125131733755,5.883401638078986,126.28418977716018,55.08793432503695,145.73343352443047,1.5969249773813703,28.844661650493364,57.09468174928862,banana
37.1808351767705,21.968465190073797,6.383303928459409,46.8594128372319,68.72633930327413,37.60828821497685,0.5605891289153527,21.86513704716535,36.70481173101074,kidneybeans
63.72980098121183,20.269476087035105,6.426669236478686,78.94563139505784,44.786641677979965,85.36060503818727,1.357977416639481,20.49552730323864,61.25845381958191,cabbage
53.32308087178229,18.27177622850475,5.972168990611034,124.29108385316047,39.039111003438336,37.02117236381505,0.7533894366824518,18.349817817761902,52.14843934625473,maize
59.27228084166937,18.854866696757522,7.052068703126681,67.4015297072098,57.68483737340598,72.8007074068951,1.1778065801556117,18.385263366348465,60.456535143976126,cabbage
49.75506001091085,25.186742721158005,6.618779820436854,98.06983318751688,53.546857301355615,35.710108328694204,0.8436474680555239,25.280515167750846,48.947875773872184,maize
68.88806883407089,30.78609777084509,5.971730690622362,101.59180685530036,33.91502541058416,114.7499733625154,1.8271415973415697,30.943587770570847,67.11328879006598,banana
53.1984029311531,19.120408301021186,6.704410547583831,99.61210317957793,42.64494292356963,68.29557760044722,1.1035304718111885,19.62813842823632,52.536042143048796,cabbage
46.46956540094708,21.054240942212836,6.465790755620137,69.49027798035166,44.22643820179146,56.90413563293744,0.7032254248004397,20.97583922307483,45.94790848413792,maize
75.99036537672252,27.815456739236076,6.067439010194453,102.6194298679975,58.05078597692236,142.7440649866279,1.9646176675388585,27.18591316702172,75.68802861534142,banana
36.98651081954953,27.273876712151317,7.292264783412452,107.0576929772694,42.36926575543647,16.329450462172566,0.8923075295986662,28.20901475982018,39.83072351939664,maize
64.56844494972857,23.641779144752565,6.022115790596267,124.91717448744721,61.05279117337069,118.66106519657464,1.4042682778341076,23.464431192941714,66.34727186277762,banana
68.70655754214609,26.520765689130705,5.897125990790915,120.53615397730293,85.95892198592777,105.05762758603566,1.5037541278264592,26.119210434726163,66.56474355045705,banana
52.46368018963863,25.368346704031136,6.652645197570479,104.82132264216058,61.437722844947416,142.47211886769372,1.7562719581730497,25.786372570339587,47.23928859299996,banana
41.49647123751739,25.754884065553174,6.281936193276024,84.38856604519596,45.14527881937569,26.28781883939013,0.7269735411317522,25.467091447161756,40.963644169367036,maize
64.94988938283282,27.970396462955414,5.9066632705351845,105.78626132048592,44.23715031954422,92.48304153930657,1.6997499293420146,27.69212481514874,63.457499875718725,banana
39.52832568007536,19.105540178396247,5.655583016943285,39.65150925817697,66.64995017377353,23.124631756486068,0.6375197682886926,18.325924750829078,42.40699722249811,kidneybeans
39.875367350339666,22.01465927493644,6.299821967555766,95.20050000903673,57.884442493182526,45.94183058232312,1.3711287902324916,21.874049380879125,40.40883968629295,maize
64.25438992636302,28.714420707113224,5.749097199692674,93.52660618283161,37.60558140337908,133.88957039880873,1.2819016882777958,28.406963585128636,62.6361913919732,banana
54.70791362989076,23.287789834043565,6.371444280610208,107.77329261083521,35.148419676891734,58.679074507209705,1.3978474100728537,23.529787184315115,57.088525036910994,maize
51.301860892767905,26.977857382722163,6.490380088162944,91.08694671163951,44.953670277756544,48.63698150342963,0.5663265831307861,27.06002159350667,49.0589988007334,maize
57.88796406185763,21.534677395441147,6.838067401961887,87.60803733043012,60.588144671327946,63.0932719956004,1.3535338810291764,20.936074504323585,57.00480779116164,cabbage
59.69155433793762,27.301654138820417,5.611877948283334,111.60551264866778,52.50121812136945,59.38705482359231,0.9670306265143107,27.3163763384592,55.33082192046124,maize
75.86166241309077,28.32858460411127,5.980841707024878,115.74867708454674,37.95817106021332,140.22143828346464,1.4213687331766112,27.67698557808715,73.84336173035709,banana
59.85977401374258,21.139595897411535,6.062908762287121,93.62381003062191,71.18209812430197,53.08408077467796,1.409547276356342,20.663794791676153,58.74772223229732,cabbage
47.67389979091653,27.383964723923494,5.502339480362802,56.14562829646696,41.36416709693201,45.280221870258764,0.9253298910037926,27.137494690253686,44.74152782597744,maize
46.02743132265299,26.543053366941884,5.9177672536789006,41.840410353008274,64.72247621615284,33.03825857969475,0.4738684755501199,26.542648073927236,44.69875496350699,kidneybeans
51.31527546620797,18.22474140841839,5.876958033063243,75.0053389896718,62.1879500304986,38.28087976320323,0.7322211914037775,18.18675528418132,53.36430081706135,maize
38.19515388986201,20.29865871858746,5.939109426129616,79.71391405445873,35.021480167559744,59.01186275033896,1.2125051683554582,19.8120172324717,40.45313609178605,maize
49.02272322533828,25.086915186166546,7.2471452542865915,73.4246928394357,51.7007924220219,52.74494703865371,0.5732019131675781,25.049237356026214,52.442611133362426,maize
43.76714520214675,24.370452793983304,6.049189348221314,39.22903254812048,72.42166785801435,20.24113987114292,1.051076492181552,24.502413946620887,39.82173675375908,kidneybeans
73.3350446937108,30.68251122885381,5.916970340182866,117.31170575722577,67.51752446340053,141.20593359836735,1.723300076624903,30.985776915745078,71.99829532711173,banana
51.977285952430115,25.87717247182815,6.085106824729286,51.90021991853044,29.072057402784722,29.371156546601505,1.096765307974103,25.77254771140159,53.266402776398074,maize
65.04340230384132,19.819855608382788,6.942935428083466,67.37336481164151,55.953868539788026,61.95746269502527,1.3973790193387032,20.13201999167425,64.30712923605361,cabbage
51.402450386465866,19.49361890921119,6.753030903467772,74.33836766608238,57.149271341004024,77.61470083627978,0.9982586429943447,19.70617227259941,51.82718344244176,cabbage
39.5006847051235,21.87115702703558,5.833044801962881,84.55284432953196,51.18190714665301,48.283679728315384,0.8950615178072892,21.510154424458264,37.88812106375413,maize
44.67714191856252,24.345603580146705,6.350298874957368,108.88811298978133,51.90104424764012,63.6231756139488,1.1133644781543686,24.067898075247477,43.513954049999306,maize
62.84554705690969,15.695505870752728,6.642036093772543,73.55856635592629,48.393788598792305,80.59081400890294,1.0954813427547136,16.100648354012147,62.32452274851025,cabbage
42.16732929805113,23.85804201401827,6.49735030425912,96.73895613071274,48.270098687893146,52.77609530278536,0.9708723144597919,23.48865010204495,40.595376082188416,maize
46.20912946495601,24.86927113112739,6.366337372076834,84.90967651534373,44.555638322956455,46.09485359447088,1.3618288215184398,24.906342909538992,45.73746097732764,maize
68.36664473408558,19.023176687868926,6.760119850144088,70.30976397346667,33.25053685024644,68.56854069960039,1.4982131787381774,19.148003257500484,70.62061723864782,cabbage
31.58360279247703,23.90607428078672,5.9097167673656275,33.83529048951031,56.08370893541098,35.105095386465436,0.8450233454076805,24.40651807371159,31.048348662684873,kidneybeans
53.08120757451523,19.99435114735269,6.258155757092735,70.00011178348396,38.14147323823357,41.82561445162318,1.1364845735361937,19.843135430660098,52.1675876130379,maize
55.777526829120845,22.197535244725945,6.300364771177041,70.42306123352515,51.398340950149816,53.499641299985164,1.2689453529814598,22.492218795837935,56.64189407844133,cabbage
50.657984659212644,20.083708951564955,6.394972127548442,71.60107976392513,49.0796620760535,56.97579800304957,1.4827344490637562,19.41193945756924,53.76012746852403,cabbage
60.286047935967936,22.48749821797817,6.232313890180808,100.61184394864084,31.236125009220522,44.165512167734065,1.2600534148321898,22.494432069638695,63.494506145337965,maize
52.34523414644156,24.381406280256172,6.110819686772617,67.49432029938336,54.73894128217401,40.60946089895062,1.3099806512831995,24.645421276972307,52.32942511569509,maize
47.013370177988726,25.04713117950701,6.024953114724103,15.772703271788068,64.98466712382823,38.74675913539983,0.9696812897925676,24.931397184205814,50.25721843389919,kidneybeans
54.72246509965916,21.841636838151544,5.810040938915318,55.134595211302525,58.03565067808087,40.89660026654891,1.045578826641336,21.52237549504961,55.50921884016736,maize
30.053538855660054,24.64092487980244,5.497316203590501,38.77960744582147,59.75120934915219,31.722749188696167,1.1624067782157572,24.382118231021856,32.56469358749882,kidneybeans
45.79886199018653,23.163859569110308,6.136265346874918,87.61988418243891,46.4984241398728,35.035813739976106,0.9178473786851182,22.966715661552083,46.752932244639446,maize
56.46752590666793,25.82816357909683,6.112354006104753,89.47051183703272,41.27609420941828,142.65455849801964,2.233895357673097,26.3361807526676,55.3481253643683,banana
61.19866858890928,26.87336028057808,6.107334616575936,106.72507672450011,55.7037548250574,92.34744220592245,1.2486530223667052,26.858495966604526,62.3512469723457,banana
50.327029562552354,16.84056260561115,6.484178854093908,67.18250732263299,52.23724158326204,58.88414801035313,1.0148083490588644,17.326436145168323,47.388146153112984,cabbage
51.64622387539073,20.85389922157837,6.76596320890701,89.95672489693402,36.79865350022501,54.084500084812,1.702173410072455,20.21310341629584,52.38163033375016,cabbage
44.573377422695145,27.933387256188105,6.8913374872232955,90.21695725083286,23.920466582225572,38.763993107417875,0.9938843225545256,27.399997528694424,46.812378784300975,maize
77.25753032066186,27.323838734570135,5.895515634240869,129.16525650961,34.14416280939329,144.78872537598167,1.1866750535074704,27.197864078267276,78.21235146753403,banana
46.833901227919775,23.274393586177386,5.606550818642474,56.24957266073075,47.4534797150388,42.99798946584524,0.9514847636100763,23.14711099732435,45.11834122393608,kidneybeans
44.03093328962129,24.700040522612824,6.287209753249179,39.59445362445765,69.32156604556532,19.70045640698687,1.1238870316146585,24.57772433635213,49.174793580104634,kidneybeans
61.119020964116864,26.73762943977593,5.752270747890949,35.063876079525286,62.378889467376595,35.685936080947705,0.7033682889405386,27.179302792643806,59.23478332041532,kidneybeans
41.15280108954017,21.645295251402235,6.494412765222681,48.940817480176385,69.90692701377047,41.79703486079843,0.7088549978318979,21.446018282028486,41.21929412222949,kidneybeans
49.21059474900834,20.88878680715534,6.847777465493462,76.72092373821384,50.14673167169103,60.448586854137304,1.2115900190624265,20.888234375064005,43.509946538605604,cabbage
75.34649024104323,27.61882567951985,6.458901845611074,108.08159984297737,43.13147094246503,117.40753670945183,1.4043980728269587,27.63044150812197,74.46386125325186,banana
53.05030580670832,20.165346487709655,6.594786704962942,70.49342110755491,42.95931415561151,24.155978450115256,0.9189143701479499,19.67546457664944,53.935215016647746,maize
34.9436649038818,23.879646253492417,6.148639558622014,20.103171463364028,47.29603182100881,30.494023693171467,0.5156542517102602,23.922720781290405,34.96835581873408,kidneybeans
47.663822418699205,19.823769302412508,5.673120841573808,16.914598572386147,62.89977461587804,28.10307351681898,1.0051864263160455,19.36486270582792,48.521428854367024,kidneybeans
71.23164842840009,19.716218002857712,6.764294045776452,83.35492214894316,49.79982969969075,60.38198972520529,1.271993748428537,19.94217456561157,72.73304839175624,cabbage
59.74732200629495,23.36061421195667,6.565774256743097,69.54891350033355,48.10256295993601,74.25269705724068,1.146413903300718,23.535976293309616,61.21012529373138,cabbage
71.34327510829739,27.247480028822782,5.937398828942208,124.74494705966819,49.604916232369185,142.84863838678388,1.4804862981843572,26.979020510770514,71.6851858126724,banana
59.55977626887763,15.67184625705386,6.649054889171478,84.259567754153,39.637387119312315,54.80610716473291,0.5914551753978733,15.170517365445209,59.622589844037314,cabbage
44.985131913387924,20.54063122833819,6.132913265974544,41.69740414339585,72.40618176934416,28.72599754711854,0.674899069620848,21.016841110320446,47.562796698009905,kidneybeans
37.637395715877055,25.809143252271156,5.978890011410186,21.961579685188497,57.443168625804404,30.047017825979047,0.4117371758805319,25.255493881467743,37.23185700454942,kidneybeans
67.36331598672488,19.729773938186742,6.590470607196774,90.67272876133845,52.820719962272996,87.13775610169243,1.759487158746753,19.264417496548653,65.38537339396397,cabbage
39.977658834031395,18.704157248374297,5.583299682360342,43.887712518116885,71.7451545522152,31.160122349552957,1.0128940921638359,18.869926580165753,39.819250752055375,kidneybeans
64.79342738832311,27.29126062868777,6.226740227271168,100.8710848317892,65.76452150031461,131.35568953495152,0.9089954904085272,27.298991598154725,61.51464757739397,banana
55.02760241045818,24.13288836894467,6.714235392943692,66.96286276247963,41.63168032359407,51.50249005578364,1.0212064025286942,24.3656285446675,53.19209533562315,maize
53.45497648639166,22.27683932148583,5.750101715967863,40.833863720916604,59.10356654358361,41.77084903450674,0.7422894439487201,21.818318959194364,50.983484529259755,kidneybeans
67.74922677333831,26.075320588957425,6.177786292460472,122.39522374329913,69.41043662153645,126.75450835461817,1.0896738303608822,26.16707565355441,70.5647443838467,banana
46.49507066609484,23.27736976278337,5.7630533783357425,11.821566723519602,60.508006149813184,35.50770899821328,0.5693969236134739,23.128815106308398,44.65511044394745,kidneybeans
68.7173065697221,25.619768917696106,6.416915675809265,116.29834562545824,56.17870580123256,125.13762497982685,1.8297551981355933,25.770953968109737,73.4289489329184,banana
65.28548431115496,28.860755715245784,6.558794043690188,101.93538079483572,51.885203382248434,119.57042870519548,1.9992699754492915,28.789089317960418,67.23479969255537,banana
44.94609684801337,21.465706583899003,6.024753442500599,83.16348278778189,45.61916483679959,47.70095434197287,0.9242327297755495,21.529085804098898,45.775329418066775,maize
45.3209197601138,25.09771669732394,6.5170032949742005,79.59790605460219,59.54050181457458,53.04570301584837,1.1349810780097784,25.7866606741222,41.373252020395874,maize
38.696982465950065,21.621910642228606,5.796538531312178,23.832757343725852,66.36664404585888,39.17755534426449,0.7727052576243294,21.921111547322965,37.62350634526346,kidneybeans
72.41892311085104,26.57240627630009,6.026701343446141,113.03856566157626,53.04774764197054,128.13009971865364,1.6261086377527871,26.730246044848304,69.70572340897282,banana
70.54106473400162,29.09128024041853,6.128340997545891,114.73637094298567,66.10009784107406,105.61414879529947,1.1353030894584115,29.768206302865657,70.86438950676073,banana
78.98998939499262,23.663930800221806,5.6594081709054125,109.7023988630333,54.38460024750205,149.19247912854468,1.1355995018074316,23.80491579909729,80.10753146446814,banana
59.70370793627377,29.357909157183297,5.853432468537088,103.58568816551075,51.203274460328124,136.5429814040548,1.5274579317716583,28.947016918508233,59.00034917705274,banana
74.9715707937558,27.800619816619346,6.259366968577774,114.5938106119506,57.59956710231021,131.0714167063352,1.2720396223965256,27.551885420377584,74.9892614071497,banana
64.17423544880135,29.164703859583472,6.239649032249884,88.18101722659084,46.57053115422724,101.11220373133497,1.478649903344074,29.01338977263779,63.83637713615188,banana
48.52824558048973,24.58042472406564,6.434817115555509,103.32025625347804,39.99255256243084,52.95778009744233,1.3239013108285864,24.843943671412116,47.268080559978394,maize
44.7125821533301,23.672283373280685,6.838103752997819,110.97553563984918,36.997883033981495,36.3180656935922,0.9655471634107152,22.92728947223077,42.986210828641546,maize
61.81760258191413,25.45753966753072,6.119376897082966,88.51738557321048,58.334120734453634,142.660466350786,1.5945129108348512,25.40264898679622,60.40485157768254,banana
58.15355307609587,20.295916930849582,6.462083867160827,50.48804809902346,58.5167987322905,67.0592191780252,1.1759475345268058,20.267325533384785,61.14652937145263,cabbage
53.61228017327919,22.19032373973205,6.204920181286129,58.936957020909354,57.31074869440015,18.807469349126414,1.0904176264078629,22.42342231599529,52.91940766890899,kidneybeans
39.32489542213307,24.463314123538456,5.876176458533836,101.10265559441604,52.825588257151594,22.395852426621477,1.5807365485166445,24.145696706858914,42.71806878807477,maize
44.17961190385163,25.2333922819188,6.669825114023948,27.141252304280336,43.23422370413691,33.169896455724064,0.9590919749740807,25.8283885130878,44.38499144576056,kidneybeans
61.67361993989313,21.301478855314457,6.75823123241465,59.09339895269997,50.75728358068411,52.44638640565924,1.3012937850481376,21.430549429929243,58.676520885149756,cabbage
38.86356086100426,22.402443257785706,6.474005162926968,35.05948036410884,69.21324732824017,33.08340788196424,0.7591281126927434,21.96490440126673,36.1004025139461,kidneybeans
42.14839050458656,20.062420574434828,6.480335601950252,52.54209031272319,82.04336504945299,35.136243184460184,0.7880507642079113,20.046587488445848,38.40498753178768,kidneybeans
43.04109723144191,19.60749533652481,6.034898631713432,38.64491002941594,80.02538177593536,33.61854544446684,0.8724249951885396,19.672332059948346,42.544250815499844,kidneybeans
33.7554716260939,21.387593831337583,5.521510140588019,39.552307036005345,73.25598734064096,31.52116481843319,0.5059568755805042,20.85316912931542,31.413291654687086,kidneybeans
60.63273005128348,26.008962548446505,7.2339107989394265,86.94504366443319,37.38025541689742,53.2442706238498,1.3471329657128657,26.201374014351966,59.4664999066781,maize
48.19979957556912,22.22508273437949,5.755478654868141,15.281036361734397,60.85402312028427,34.51172121999372,0.9093919030032077,22.119174026017596,46.1714801912887,kidneybeans
43.06061880223585,19.106879860117324,5.665226465248273,34.518511306360054,58.352783881758285,22.36506441172765,0.5596961068162558,18.448386384529332,43.470497449543004,kidneybeans
45.273303785973816,20.384874957447728,6.456656094937532,22.278153228820795,63.895200186016346,16.170674664885148,0.5254971565651205,20.238572269828715,41.601906405119614,kidneybeans
58.91040232972817,20.70292972316396,6.437164350490258,85.26908371112695,44.37217595318289,58.868525765283565,1.5459906415421396,20.922841827556837,60.542860493076084,cabbage
70.16159493793717,25.086326574240708,5.90104787480897,110.10386703512033,43.481991071569,120.75697547456441,1.1830960609489627,24.71706052462943,69.40034524380444,banana
41.42890656620491,25.873584749319352,6.280180671467641,78.80098139542335,29.926743522269525,57.609373235629846,1.5495719252307658,26.12695336573029,35.594586804810774,maize
71.24053735392326,19.022970012190004,6.269899156195007,92.3537553824078,43.284354897836515,52.119770229910515,0.9770631450674664,19.001088237450297,70.17889369766397,maize
44.192655691623024,22.97098912356589,5.811165385580362,53.33038477708706,61.89621648785312,38.26014544537919,0.947211226747675,23.002045354176758,45.21644751572151,kidneybeans
61.29924840674181,25.015449571013868,6.651512270792549,79.30325489016171,35.23823226688132,79.0908875991382,1.282934746263885,25.73327478236669,61.74990574972022,cabbage
36.49098611569221,24.14014319515863,6.781125150922337,20.470717069698697,68.27455600301126,29.646780521235485,1.2166421918118069,23.775780309478645,36.300290438700095,kidneybeans
50.925252529991695,26.689733737638814,5.42715171351687,116.13233331355109,48.30927258080971,179.48639691877645,1.620524675795924,25.80865668118467,50.74876162940549,banana
56.08054971674683,26.305234332802936,6.099664083400633,116.09593043450627,56.42350490585456,125.55160179032097,1.3572752642062147,26.60380162065612,57.147053759174355,banana
49.139405888564525,28.551615394117004,6.466445187493106,56.486787241634794,35.87122013281173,47.28770028928938,0.7366001800170924,28.574214070914298,47.38012103382951,maize
36.43153716489236,21.35365979505398,6.556212751640072,91.51165805966018,42.59562802929657,53.620000504121336,1.1196496765287594,21.433091243326587,38.47973484457441,maize
50.26369083688378,20.377374899050523,5.668528010517117,41.050490222413494,65.4660602199125,36.55766305218158,0.9996935809245999,19.974164915929368,51.54655680635121,kidneybeans
73.78471915818008,17.7435785885885,6.653725951781172,96.50260900705128,34.58338655417374,67.87652727669398,1.2365239464330995,17.88919502103378,72.64127693582584,cabbage
54.27408081071327,28.177280303474806,5.85473248050101,101.21508606863216,43.18927346010419,100.77153294337143,1.1353491423462914,28.250235989364356,53.98185274752418,banana
40.531058559920986,26.671178889972595,6.177184650914218,95.0143664612125,34.02662325452957,64.12954807731752,1.0219111395860325,26.55930815751944,41.481314694617005,maize
48.577036061710956,23.687477424201056,6.11769038349242,77.51688903769895,46.02031297240574,41.203134748574385,0.9304821178766253,23.88323099977642,49.156807013547756,maize
63.575399240337624,26.457247014136552,6.649286286626969,92.60714033971976,65.388574553943,110.78756267333667,1.3046111620919567,26.581810753116823,61.5268745716199,banana
33.68873823656408,23.573012784185863,5.081541627874504,12.849453504478113,45.08055811982666,34.53928359039537,0.8997271734503691,24.012753481100926,33.45048816913142,kidneybeans
63.76780968674321,21.276963259798656,6.134139869602088,111.40899027692076,44.625240831936715,148.13280974079544,1.7949719908336212,21.169845430328582,65.54322220031104,banana
64.2499958906142,27.899630653113068,6.263163101233654,91.03557080534856,54.55623374812586,135.0947681315495,1.0510018569831359,27.22058172930582,65.16202025483246,banana
44.61361350364677,24.180083933081445,7.037454597784588,121.56643848061945,52.94932252915628,49.389910293888946,1.056540574976346,24.232833458329907,46.37152155904855,maize
48.788390818206565,19.6195541633538,6.484169333044932,75.40645106887092,44.6243828689462,73.25145229813401,1.2198509537989295,19.975091674895573,49.09413224044657,cabbage
51.57224940823955,25.5219036805611,6.963890651974868,83.95309394927735,42.232999099142866,42.86195441909509,0.9861180387491425,25.709031593724962,49.77086504081419,maize
87.37205124422582,27.16543640372638,6.266299001389717,81.76533282131307,52.28493824937256,112.4797492426024,1.6734464750593565,27.226072341654188,85.7355111663889,banana
54.69627162424197,23.675491261573512,6.6369226744679715,79.58977072186924,49.09989741076381,75.75141824879239,1.0327042542403486,23.27678296085145,53.582934906421805,cabbage
48.61913121218704,19.838227092609735,6.655230074446004,99.74147937384694,61.154026630969454,59.926343274586145,1.1064972003149314,20.083465368919768,48.78098167869137,cabbage
61.51869115481982,20.504528528006865,6.925835331209312,50.170028835913826,42.71385637460715,77.63929211841571,1.1567571134337618,20.373019374138188,61.46615229547588,cabbage
43.32748349315672,24.665847595831544,5.714209730831148,45.41679798621407,46.866515223834384,29.801167167756127,0.834922369500241,24.128124746421292,42.949745794547766,kidneybeans
39.95107084904959,19.49385663382458,5.999590503847594,10.781070970403974,66.7176908377691,35.8378601241801,0.6962309373437645,19.97967937620616,38.34207520996477,kidneybeans
55.93690815922047,23.309629332743686,5.917761902275754,36.65149526248755,53.694151139685594,41.64432451584229,0.7571510913258179,22.87694944567052,59.629787861043354,kidneybeans
34.50132452833576,28.04052420412802,5.951625777603959,92.3590408688306,38.439450633590326,34.676029804451524,1.1944927494986748,28.078361217311098,31.88073102880488,maize
54.222335483431586,23.33403127497761,6.295936823055828,101.43668057150299,59.42304791186244,45.97413412957782,1.237032094910549,24.0449044110807,52.66712362793505,maize
64.90662988044217,30.280708187796623,6.39365240237116,121.71229855772489,45.057327814610375,166.30809328925562,1.0895631461240085,30.30710150856392,65.09527019320436,banana
31.507733042729004,22.688964336131168,5.981547518398552,45.89913691120789,63.99738612737873,27.857599978416236,0.8779613441077045,23.317522334911477,29.198529216185506,kidneybeans
49.85729058453376,17.583353897671756,6.337270681092586,97.04276387879823,46.01925887372657,23.708021107999823,1.073760460999957,17.27797817074749,49.255761414840286,maize
42.675922341690445,27.67872993248289,6.486683065388131,99.20199266185563,51.98566345371505,41.05427148130606,1.1592388471798116,28.445307883177055,43.22360713830736,maize
74.99771813910392,29.744684685733038,6.848178101718396,125.96059155234505,52.126091698546205,105.57403874755633,1.1624329468860495,29.036202750376294,73.97776378643542,banana
51.0796077288469,27.31921533066923,6.5687233924339345,99.529441328263,63.01741947747146,54.95490282945318,1.100499839103772,26.635524889105167,53.130303797362416,maize
52.65219556434814,26.060269501560853,6.799307401467421,78.00265175408568,66.87247222075332,154.79999261745414,1.4262837679013403,25.199323172419138,53.65382183144036,banana
52.99328036781527,19.216935132489144,6.3806388925732005,84.93621383381264,45.88665767729702,87.52044992852875,0.7519917860290428,19.321633570376022,51.848328769546114,cabbage
44.312151185242826,23.38734719746333,6.80914089397499,52.20821941687427,53.405370618664826,43.568832879545106,0.6314375455564779,23.329918138808065,43.84229232874628,kidneybeans
56.36912113316651,16.789733597083163,7.202307772056047,50.592616271120406,55.25320968053052,71.38730211930701,1.3434316141628229,16.81182930079871,55.78513661031315,cabbage
44.97469956768488,24.920891531751646,6.580393641015284,83.48701433248185,56.30099316404514,42.471185536821686,1.0862662834492707,25.02355502403655,43.691614126119184,maize
82.74819313294702,30.13155906240651,6.340215736500896,122.2617503609071,59.1891217812144,111.9614072783052,1.7370226648416693,30.19981983910653,83.56806430290816,banana
47.05089339112094,20.5445462115574,6.535696099441705,85.81915206136377,48.66209597783937,51.54659528447786,0.9184962255747559,20.78574895292807,48.783343792838,maize
73.73540167941823,29.798272763392173,6.060369636156062,102.68392980056468,67.16606920653065,163.2214428342597,1.8711151625527407,29.83879558545348,76.29046206289878,banana
62.78511942892051,26.200902116823144,6.572776086563617,87.47881071778843,56.26644504258591,135.2101502976506,1.405090373051567,26.695301509928502,60.50993143819513,banana
59.16471167091461,21.21458444997289,6.906060088400457,91.96707566115012,60.62647364031804,73.535278744441,1.312932336405879,21.793110409146458,61.241849265739404,cabbage
66.3618417491497,19.618560244383794,6.723677563804968,73.89590368474063,50.60976542433665,51.869444524360404,1.5641722127290656,19.2123335796216,64.8643763215181,cabbage
53.29879746117142,23.503983204855388,5.765834206539163,16.910225602654705,55.62251717231846,36.23148437566319,0.807288745165262,23.735956741547103,51.48989100857933,kidneybeans
49.279932908587504,28.30192457791496,6.5470660095537285,97.44826170942385,46.48627095302831,54.211507463947925,1.1911312594982006,28.50501595857026,47.24548422638422,maize
59.88112499963124,26.6871570417134,5.736880381665163,112.4465112012061,61.612010211557234,102.4992294050187,1.020450440396015,26.787276110779338,56.19905266504555,banana
55.25676788536581,20.442372970682335,6.4265012871493745,94.42314720536575,47.381728068642545,92.18440265724941,1.372561619217214,19.82348044004673,55.84408646766923,cabbage
54.213322723742145,24.036531087584372,6.8165875822433355,70.60760974292721,45.929923456805696,41.051878955268656,1.2446529602236958,24.17676624232964,56.10902241211026,cabbage
41.158640918573596,19.399769814029973,6.805273890943031,70.97956833607246,28.07460158795582,70.0074229054634,1.0666530361807567,19.316501042546466,38.467850391858214,cabbage
37.4561381485322,21.151154695854434,5.6229702439338345,23.737465432289206,50.07578096188802,19.326269289025177,1.0019371477037644,21.04386141604113,38.13738220551462,kidneybeans
64.38090042531948,27.0106457209034,6.442243836808414,92.52794980741281,47.64199725996239,132.20042720232368,1.8707348678982425,26.733839741210517,64.23826829106761,banana
57.2973013491979,22.57981105352334,7.140871208728453,108.09900908936223,48.6039010153422,54.2692882263002,1.3858517103195658,21.753005522002667,56.86526543857923,cabbage
58.848223126230955,18.21878340598483,6.557744015243578,45.24482976231058,51.862158623581344,87.30880427655316,1.1583011334767812,18.217846850710046,59.2676609547656,cabbage
69.72678204727521,27.71759216781251,6.199462508540107,126.20654409559388,73.0873188125706,144.8497306620915,1.1184434446497344,28.16462184658577,70.66617548624592,banana
34.253922543484855,26.35863999711132,5.422009358651972,46.12700608815064,68.77690710188489,26.17615611708708,0.6385512389081168,26.264925716180375,34.4024098128689,kidneybeans
68.59262896512935,28.988700936248637,6.0677398767201804,119.78652051349806,51.904930089037286,179.71141454362743,1.5845425646050657,28.646707023885284,68.55311324545765,banana
41.12566029693409,26.53178954454957,6.5206258291826185,57.894999665144695,34.789548393216776,43.84501120701065,1.1525728227715368,26.595508658081428,40.837091539893585,maize
51.31627907929847,26.853563352032356,6.102751974454638,130.3524712160781,65.01111644433749,121.6159150901116,1.4012838983855351,26.480273131756622,48.884682482280716,banana
73.88059170011421,19.332222376977075,7.117429953776594,68.01987219808541,44.58345740601105,67.39064603655277,1.2484273665337893,19.193841724910456,73.80594494201473,cabbage
49.412586867629685,23.289090404899763,5.6017417541198276,94.016196331311,49.10982576900875,44.865842130751915,0.9343246479111842,23.323487797198812,49.621966927405936,maize
50.286609116820344,24.9820686706498,6.3415752244620025,91.362839183223,49.17471958742014,52.454989065249826,1.029849888290484,24.832705095920247,51.75146473634602,maize
50.223964904321655,18.64446059854236,5.795085626043937,64.48211163502494,41.46807823723155,71.09671043934377,1.4849929965157311,18.72731576520519,49.931265456640716,cabbage
57.780330709392246,23.756783503966275,6.867524517712082,94.59384150340574,49.098284573286925,41.25055310150864,1.0414686156792718,23.808755445632706,55.189648340460174,maize
69.05056791241518,25.01430638433212,6.081694794691477,120.1670606528813,48.16391835664449,98.74890289570163,1.1552522128384093,25.35188201268874,64.21333934702375,banana
51.130310928623345,18.196043477167045,5.338710844244128,42.348139041181405,65.81113868998013,32.4661150980119,0.9339646841832876,18.028689449320677,53.85099040671625,kidneybeans
49.64026417220454,21.980532995409888,6.57808623557888,73.51831725231057,39.58878532607394,80.28315275832064,1.1253877686274731,22.164955386667945,48.633564114510236,cabbage
78.35623500696535,25.333474816925506,6.049637779172106,129.763206029797,51.170132300796574,133.90901322659732,1.085178548910412,24.518030614296542,82.90931238605152,banana
75.19306749387675,26.556807660003795,6.360902727008347,75.03920449217907,70.43817423244255,147.35390540163218,1.7265755327928303,25.894658658408922,75.35149758948504,banana
37.25721990965171,23.193887962432722,6.051878083664217,25.285790514432804,60.10374525503791,20.847073249972684,0.7198003042395231,22.75965986846652,35.822219065195256,kidneybeans
50.89388812579829,21.751481927521898,7.291868756434144,51.414098877925156,55.52601180354617,53.2576992041985,1.6081748963666276,22.323980559237903,48.50761605437778,cabbage
53.15151034621486,29.192451322634383,6.380065910575265,69.07628195748126,43.97603293388904,41.04755854996528,0.5186571562814284,29.43436795565461,51.84358407894102,maize
29.680637896304884,20.80910841804157,5.672190763836412,49.70193746119827,38.049108966562486,41.05641093768543,0.7716441707599206,20.944693177738017,28.899909247105555,kidneybeans
47.36225431274881,25.034725713431733,5.821884298137257,88.32062430623715,46.803639430263985,39.73284608053792,0.9176057014660884,25.36223129357071,44.367507972559736,maize
47.54049252459377,20.749427415820957,6.025503883239971,51.21189126534163,55.04966018570121,27.50105293661447,0.753223897816413,20.568149522233462,50.070052218693846,kidneybeans
54.86380705005723,26.473959836487133,6.59194977229043,94.9176724113382,59.45125956926534,30.14944520872564,1.2824289184459272,26.686237411697025,55.83177163796029,maize
42.472181962475034,19.026048962660717,5.885175631801041,34.212431817360965,69.95117780510301,33.42016980413641,0.9888644704236529,19.59361138213884,41.571304686823325,kidneybeans
71.20991395348518,26.650063926571644,6.2154305632614975,126.83167238754945,46.854325974487686,145.36751007260966,2.0474637053421345,26.485927633990997,69.76076629710937,banana
57.37806066666589,20.660775511311964,6.866871740491984,79.2827378507167,59.18071633615082,51.829918406109755,0.7447136037781226,21.178962858117224,57.09511847942612,cabbage
66.30166666819808,24.028921680955452,5.873434174174894,118.8018283035079,40.92820630607207,111.89621336702437,1.6189460452232756,24.792101078294206,66.24378320356855,banana
44.10953672741336,23.015647069438568,6.013690755776298,118.58896992868672,39.385169732171164,40.083443850345155,1.0035925046192098,22.58541815498136,43.849484604416375,maize
53.52388283254214,25.82693672784661,5.890812130159774,90.52397903838005,47.26786046109135,54.67466272925011,0.7844026752857087,25.312484713163094,54.87147161987766,maize
40.90755549424668,23.29048114213366,6.303756635022789,43.047371726077046,36.10931390837654,25.996997533388168,0.8020573454674951,23.657739632216796,40.476702387275765,kidneybeans
65.36727066608293,27.990545892137195,6.580014184395882,78.9644052517298,50.36528997889731,119.61645384039097,1.8923746871339515,28.16024514711927,65.93384426238423,banana
37.05472640603468,22.364291808281113,6.2394058273977455,106.9252103679046,51.12965380474599,32.52682530305831,1.0646511244640495,23.16866225324132,35.700178038016126,maize
60.366869232146655,30.564587585409424,6.27301250846302,135.0247172765442,51.41131950213789,135.8874009222032,1.0968303264925998,30.131504856494697,61.09049512135662,banana
30.82168776209076,22.051294008186453,6.672218586179724,64.72315623436651,45.265853413260984,53.780585789082,0.7579164256122207,22.035654439699833,31.21845008334364,maize
73.9357112042459,26.52969870677113,6.57580114928796,119.82563533970043,57.92081514028119,168.9778885186108,1.6319771900062991,26.10953072943171,74.38792722433465,banana
48.174817164187544,21.944374956774197,6.484575582586864,82.67501252209394,41.387295749965546,58.28631066849436,0.6557533401684813,21.98738862879565,49.5318650669876,maize
62.878605330295116,18.061895047620407,6.365919150515537,91.87087871534288,52.0056913856685,62.178700821390535,1.2659367455851651,18.69839983554049,61.98236371498403,cabbage
50.90567203240468,22.662474434274454,5.505961960898335,40.965634884633126,43.50712404198327,27.23437379669275,0.95266776950632,22.827863751516656,50.26162677512841,kidneybeans
69.37690341981356,15.442621993109286,7.116316380901277,76.91699798261075,49.9178501958351,57.83943773380802,1.335982923545835,14.988303558353326,70.21494462752952,cabbage
52.821275358450535,19.793887176185947,6.167930812018052,37.40561265291501,64.04406524968145,29.763270771859784,0.5421329605196097,20.4811820727665,51.13356520804186,kidneybeans
59.706423129756494,23.487095777834888,6.2559265872243275,89.7782527272724,62.71341242267684,50.56075273823151,0.5139255265528307,24.36970590069105,61.16608070778755,maize
49.86140969083763,22.14102942796859,6.64983704776884,65.84084700532367,56.33680478756702,33.73012089799136,1.8285611621038549,22.166108749263277,49.44334517878279,maize
72.08918351346603,27.359293361560105,5.924791200033397,68.1175909766495,61.05476862028264,155.04701611419424,2.010237827528495,27.714023893079787,69.70421965990107,banana
36.79815714711884,20.334798279916857,6.199570316369232,34.36449603604366,79.24710896523291,9.770642866671594,0.7558233586898283,20.5842688105085,36.61636486695456,kidneybeans
59.95953048987516,27.250111486747397,6.038708065297757,67.60429418050435,49.11171918015963,57.329019341026964,1.29288331494048,26.52602615831267,59.958404295629244,maize
60.61045448679237,20.372165787380595,7.070643579239245,71.60194386972736,46.39672412574013,58.35001337236489,1.0714027450444885,19.913855853020788,59.86895700691253,cabbage
65.48039170920411,19.167829757466944,6.558782823324548,70.05765165241546,48.37849579024718,53.81384232641042,1.0066758797471644,18.656702219053884,65.85663499759511,cabbage
73.52235518368268,30.314752240464994,6.271672726056182,80.02514778584577,56.37167005416482,129.1581095581568,1.6688573760547174,30.609209945369415,72.0552024966806,banana
55.07564092215664,28.11048014855885,6.3477140924275925,112.57278647676071,51.556534854811744,135.27672705174032,1.778263733194063,28.573667769585068,54.433681241389195,banana
54.97143022358552,24.739984974217748,6.471185884216981,107.92262494619862,39.62337423096977,29.243806728293848,0.6548154731091325,25.004162000837123,54.316819363075474,maize
73.24619910784594,29.076579857967637,6.392795215088215,116.82641457704969,44.912461588931635,165.71401452338435,1.2567333168574235,29.284221057150365,72.80687576396882,banana
40.842183848353386,20.307855457885672,6.126154283113494,83.59743031972138,64.60484600783028,47.90040396483535,1.202553003919888,19.56533083103989,37.23647145551762,maize
63.765196688832575,18.997359614563443,6.162834694164431,61.285369662503726,52.4839406504654,72.6123180231124,1.4013111574320054,19.037845760866343,59.384725050296915,cabbage
63.197045489280576,21.736135796891688,6.652962462791273,97.86612249858571,61.91671435624637,67.2452481565545,1.5188697464436274,21.273287375230748,62.97010558050043,cabbage
36.53200255402055,22.857911877235043,5.691096673327474,57.9054843014836,67.42704947242632,30.70917836504709,0.7657935756764537,23.571962998021398,36.39530697729663,kidneybeans
66.6351407971615,28.60976113172476,6.366738195258102,107.37328339447993,72.73101525214238,158.66590528487222,1.6770961718959172,28.956871339935233,70.08080056389961,banana
73.17784755889046,26.268566428707583,6.011979072680807,81.38811320493019,50.892127370155336,105.90969929019595,1.7109076377136234,25.860461111860214,71.17121277816709,banana
51.246370018689106,24.469631714328568,5.933937954347469,27.48042128584961,55.90254809101176,24.3427773775348,0.8488556564551818,24.212661042445195,54.2184478057194,kidneybeans
70.58550641789932,27.778075180867525,5.843342064127427,95.97649285521172,88.97363414346313,155.39083009868392,1.7948748619385286,27.782173854474284,71.72969786509628,banana
66.66949828969479,31.31731802140967,6.428819269917153,91.69876559276754,63.40525846051969,164.64111131549828,1.4736217771740308,31.766031681803504,66.79271898207374,banana
71.55474961674744,16.87239299958866,6.579930157028243,100.90056618430886,48.17544090272133,54.60461008787667,1.0029105072816829,16.738242018919273,70.38432261262707,cabbage
49.25638853956276,22.238316842825295,6.263337617688017,62.35844274132985,55.30195403152731,30.9018057105219,0.9264653597135837,22.289261833087888,47.10491662227229,maize
54.68088996731663,25.385291253310232,6.564897702689976,55.94496744038561,43.15824253484779,44.757026162291844,1.1481052794420454,25.374084139351936,52.55194447506429,maize
45.90305590021965,21.113118256186645,6.5810602353860475,129.8672678611827,47.80009082286623,68.1621713487906,0.948439587582193,21.769231380488645,46.55409350589819,cabbage
50.312955189519876,28.31837553541046,6.534763278179636,74.78918409655527,32.58244471121607,45.534816268219004,0.7082354374411406,28.625122452742083,50.23354262482592,maize
69.38289397769252,27.409413372041058,6.173019674920162,126.05288835231123,46.13710016725929,167.0797577645404,1.3954891910297784,26.82360042471562,73.08371862244257,banana
58.160006431777745,19.784999691138548,6.600740079458667,69.98095409398842,42.195458754913346,67.76459084048525,1.2311510106863555,19.59190471340921,57.50700203799669,cabbage
30.943629754149526,22.82055991590416,7.118439743681062,82.64900470941492,24.98454255561321,39.57442179888175,0.4964730372422408,23.902153958815912,28.669784591328657,maize
64.77281603593413,27.3514009123297,6.408416069619754,133.53969534452938,38.001700599183664,136.016472067929,1.0308884644370553,27.47057418311707,68.01876293319289,banana
72.12092294750606,31.78535344603648,6.342564324880605,109.78298569266921,49.56226054799036,136.13633771784095,1.5963138027494508,31.278714938144144,68.6543208582099,banana
44.71986176895451,21.022519205169495,6.518607458089744,45.76833750824029,76.74578003259926,40.88450192234214,0.5096589172469204,20.976737201042173,45.0064641062499,kidneybeans
70.93625424997273,31.545983651958778,5.637779651120775,122.18092116355471,37.3311749987508,150.9655756330119,1.7876419968032882,31.259640674446285,70.49706627145521,banana
47.60059271210998,24.000210982728536,6.970127931668397,120.27269914741483,51.197019654824786,50.93554694905566,0.6163673160717207,24.19085216965813,53.219730652302765,maize
56.87835764666775,20.053586886238875,6.6160216521391435,86.26101760683753,53.77132484311027,89.31877920975903,1.202091813314113,20.248226485338318,55.891586709601334,cabbage
65.95526986958173,20.254482897946502,7.232709409709715,64.40348145842155,45.4455633733035,63.36281305274244,1.1520085643843778,19.628036972463303,67.66692946579371,cabbage
66.22347376022034,22.99108803040347,6.480860122327314,72.35357536362507,51.14349109820596,91.30183173303082,1.073202089217288,23.13146126098535,65.9643764846517,cabbage
65.5178871692405,25.098927585628516,6.1060111872598934,99.7304549964193,73.38233351419572,177.13956321460293,1.185647934339054,25.19683809914798,68.1942794351178,banana
44.105001792724096,22.026204235746988,5.730093033265019,25.812945040540118,35.48066648460549,24.70337191848165,0.9087614495835813,21.56971813752266,42.193236616668244,kidneybeans
34.25810535462546,19.38744153282822,6.0599342886102,44.002413499355825,92.41991295319798,33.417841162144896,1.1996931749491861,19.33132801773198,35.507202206402184,kidneybeans
41.404150274470084,23.269572035491112,5.562008893284835,70.51631044701084,53.05678639242501,65.03509410401342,0.8674338281824874,22.87209288464852,42.00725488809589,maize
49.38070334177696,23.10495827981393,6.522272717896151,123.87914784367288,28.997941509565226,35.885563768627094,0.6962372773538031,23.125637608385375,46.99591268089209,maize
37.70061934980775,26.338867813662873,6.725793379222686,96.34896293447417,45.67986626051089,33.96011364628339,0.9063370359344843,26.09066036540341,38.48464122453927,maize
56.80567150600075,18.175363750892757,6.388824716120314,101.5104795534439,61.522189966526696,78.6398749090302,1.0062509046476888,17.46245411992986,60.084719537495594,cabbage
47.56670108451631,21.88704571164107,5.615188339626823,46.50213504536127,59.76594724803058,33.10202953821704,0.26661650439342055,22.21174935103281,47.281736235743104,kidneybeans
59.48811475497148,18.47793219274643,6.730627187466425,83.68783429487769,53.11429373800065,72.71624429291587,1.1494399776382351,18.823451398511406,57.23451803945159,cabbage
77.9160230371499,21.164705214734244,6.297173815215247,109.56495538319368,47.659179269198546,36.037282330914636,1.7208995610249174,20.992241516812033,77.22529381474043,cabbage
47.569739593453434,25.30291813933028,6.605540708380977,78.80026598469507,51.97816839000005,39.19348597254415,1.0408883950088716,25.39263706220292,48.80794963038314,maize
83.9420131398927,23.75614974633958,6.083067670933867,103.08232794868059,66.80583614968073,127.63149517998065,1.5127867569236118,23.484122084728217,83.90681728138142,banana
41.62147376773464,26.481681373311588,6.364824360960389,46.89723311981016,69.5940695882193,37.188526703728286,0.6880128411276896,26.73836563291713,45.76227098555589,kidneybeans
45.12149843836917,18.968177048625147,6.426987153171969,38.04077500665441,64.35118477332763,34.733527087665315,0.6073335859060912,18.471193653642185,47.0754267392266,kidneybeans
41.45138880311966,20.509944527452532,6.287780260446125,28.46515121726106,69.84419250573582,29.488460362017186,1.0453069491213192,21.102036475041054,41.36510811498078,kidneybeans
40.32893919336801,24.879391020998007,6.159069701219234,79.98854474071575,42.26149494453763,51.620815345817526,1.4280063155549787,24.61527097458921,42.013193111643275,maize
38.48989556541719,18.991194269833716,6.87692492393117,86.02258827984562,44.015539976921204,46.77261366948856,1.497613074479006,18.781685158417222,42.107724649582735,maize
75.98177296660997,29.94682616288351,6.302793656742077,73.57804514858765,56.820670082184385,142.99178774344568,1.4808737205028055,29.348562062533365,75.66118708096393,banana
59.72284599455494,28.83884735329397,5.740723513289753,95.74957232114349,58.762038031631235,171.25846756012535,1.3509825891618883,29.231276472770706,59.10779046512091,banana
42.493473603148146,19.88343031384248,6.173225956583154,35.36903058241885,58.01285412455511,25.07697871674793,0.7291104008047435,19.79720496397745,41.99540419126054,kidneybeans
71.66229355769121,18.09492666740863,6.736048280013713,68.43187931642875,64.27049458239209,51.9518488254008,1.378737972759999,18.849149428834274,70.18258453719538,cabbage
61.78932576626637,23.526889147658988,6.50992702835443,93.8089751903109,60.31778890601053,38.35373999936869,0.9662971654453606,23.81732849223752,59.24008896223536,maize
43.76405832748958,27.703638869147433,5.951077872408818,104.95857343802354,45.789887163400095,48.76947785695372,1.2330323434703596,27.5999551654214,44.07852401436197,maize
22.313571045457852,20.021231472948006,6.2811599782684935,28.399813059529336,60.71346597257316,29.70023094355331,0.5372743781991673,20.053843584640603,25.736416643322833,kidneybeans
34.59486614828388,18.775038710926214,6.311509505210115,11.767986450990442,59.40593332013641,38.23696816588719,0.7475506282926107,18.71677428164724,36.2090603795938,kidneybeans
58.4480139336546,21.398640152106164,6.685871553520277,90.10830024784929,31.795110158429626,42.29071869842192,0.7248326493045404,22.24709751315963,55.00969166590251,maize
61.769854751654776,26.783533323354053,6.390941346217523,86.3152187170408,77.67979068004769,108.93693783942886,1.2753751128057247,27.22199026989619,61.57143128120268,banana
72.3728912861086,19.648694391720287,6.387628229106366,67.63050407751871,30.6381063974051,46.404793892566275,1.2686088923485523,19.372652428499435,71.73603063717671,cabbage
49.7659693243444,22.560019076127993,5.80770054307861,22.242215478134924,66.59414850638174,44.75949458672559,0.9987769206955849,22.633721165089813,49.213472553916404,kidneybeans
39.503719664084855,15.974614838724666,6.13722174080431,30.362325527397097,100.15837386588217,31.595543713162886,0.951745604130867,15.41586567501155,37.49634085681864,kidneybeans
37.03728685267911,20.529805988328345,6.080139477482536,26.904221381812114,41.192931161244054,22.70951836221923,0.5097093351253457,19.841025480509703,37.44860469445112,kidneybeans
47.33635664222211,21.8364650530669,6.527817950890175,62.65152638663427,54.8911433624305,71.4680857231864,1.2074311654572554,21.59766434965848,44.96461618173223,cabbage
40.882711327355295,24.331457943800118,5.821345702882452,10.959570447197652,79.10649646845224,45.215934699546715,0.49775546270081905,23.978269181354527,43.14548485127192,kidneybeans
51.2971837002646,20.761869893697142,6.582323914559154,104.10829747389697,53.58002434194127,67.70991637168756,1.2211958216002026,20.908493415117018,50.795206059087874,cabbage
49.749508773832105,24.44128105343112,6.344285295016979,87.79167652508771,36.4079398142443,53.45483108481854,1.040835293837025,24.04354701003307,49.09811255368465,maize
78.62244269141273,17.497522428810015,6.772276213736846,83.69236471928444,24.635699950519946,67.22268080361965,1.178079269385523,16.74794330595271,79.99143949715001,cabbage
55.86191608818446,26.073797605060182,6.462088640122929,67.0137039905359,59.72953572189574,51.5174814140304,0.6600460730761337,25.75001611342125,56.1565607491574,maize
75.09872757004757,17.341096370675185,6.66854278366509,56.28527201791165,62.4519265376873,67.77634196944445,1.1165501536719922,17.526275974572673,76.7509746573531,cabbage
51.56857761185665,21.906504440431345,6.495329414345984,74.39390538617833,25.91869586774733,42.90591172960392,0.7004869061808217,21.47547114138986,53.622389104497884,maize
50.95000627265999,24.388573319171165,6.633914106337799,91.50517939339004,45.52173318657533,36.63942885154213,0.9212808595256227,24.377340089129554,48.51656943588718,maize
40.814602450850444,28.286440766022352,5.555166506908054,45.84052518176966,62.14833358286311,36.5312694191798,0.9409152834115103,28.011669366077665,41.768841526609386,kidneybeans
53.431308504575156,19.608195543803543,6.647397374314668,108.4650631719343,35.44374832598602,33.42535367766578,1.2377979321754236,19.649098207662508,52.304365653725014,maize
71.40063466100356,19.868906916434074,6.812921371446168,82.7300712061535,54.608508462996696,61.332095398821295,1.0719600389096724,19.33661394168977,75.97963589169507,cabbage
53.354418107185815,18.942149881708513,6.441532335736658,83.94966286609946,49.10258861270671,78.41134768641678,0.9532521610806155,17.933566573469935,51.45991830672721,cabbage
48.68239455556614,22.80962208028794,5.853265770164355,33.740279783784004,57.1604562449525,33.06015508662446,0.6041243991621417,22.227399311763104,46.38846909903328,kidneybeans
67.60932136623141,21.075059656387886,6.929000233715347,41.26115428177297,49.77726721365534,76.9620231520093,0.9425937319106475,20.53483963688953,67.6277447514956,cabbage
80.71568897298074,24.660779995042347,6.0730807690265145,96.0224475943923,49.51168695041859,118.81345621449296,1.598223328559262,24.74705948059673,83.04061498234474,banana
69.93871072653556,27.291029610671192,6.41979328892294,112.14257352542643,69.34965066827107,142.74247695801046,1.9055044118580322,27.105531635552175,71.12861564288916,banana
44.011664967504856,21.268361000747607,6.309465708549475,39.46121168663436,74.43649091070776,32.96830351730859,0.9808129898600519,20.503634936847003,49.19876097164347,kidneybeans
56.10862101440617,18.397041198513953,6.138347277738828,53.00854018226336,55.18411962534664,88.48706590475336,1.0824092465898514,17.857202482119394,53.73922607814606,cabbage
49.82582664111124,23.151853790289962,6.911412603352115,71.25142261281711,50.23950954192671,43.37201003367393,1.12440099812386,23.245573134440722,51.36554042722195,maize
52.25847348442679,22.09235697576308,6.909265951694749,70.3175153316843,23.19789935510526,39.00250550881135,1.3996299591291734,22.318418327286988,49.56486838686766,maize
58.35814262450106,18.95124666612403,6.601992223423915,81.45743946856044,46.049558854697295,87.91563221939633,1.1304349904081052,19.15486345356143,57.1538584632218,cabbage
69.93490054977629,26.520457974212817,6.526488093424662,90.53528628118322,56.10186601792821,144.40458292665843,1.6409182019205146,26.84768601152261,69.19970961745591,banana
74.80682907433014,21.477891808246895,6.368268311435409,76.41628538006766,66.44036315364886,46.16653128232558,1.0726189486818087,21.859581270420254,72.3792257021477,cabbage
85.72333274419525,23.286379196119668,5.7741779252162555,110.74581522072728,60.34257855109567,94.23998704281388,0.985272514686505,22.41181662011281,84.10607180445014,banana
45.70093310760659,30.49418431648958,6.0081624436553165,97.98862876889588,50.66187758574833,62.05852680544564,1.1093808080848997,30.60510012897392,46.6782701565412,maize
41.27874818429977,24.13116699589061,6.801734431256747,86.34754827368015,39.422286540105766,44.767662891496336,0.6781630763966622,24.529788949689973,38.09472217981686,maize
62.40234749952944,17.041734891716477,6.833563813074106,61.485941622497364,40.65913262582404,75.71692211218291,1.3514831269116991,17.443422079311635,64.8746354449873,cabbage
65.51711887928225,25.89595054197685,6.135094070207166,109.85288542647724,54.90892127677454,133.59484712726118,1.1163870096669386,26.24621275471817,67.01081250055084,banana
68.11290590693203,24.827930893931704,6.090257702824763,125.03667939098816,65.30040458716113,141.1787956719615,1.1895837027945766,24.50112743363487,67.3400143824792,banana
50.06609750278906,19.25714774461072,6.9519129809679905,97.93607051066084,56.25208259599904,54.59985784750761,0.9079339076704871,19.139109882249805,52.906008661753994,cabbage
69.84206766303757,22.47831999684087,7.111238968229152,84.06705082492252,56.29397945523384,87.46033684316927,1.259588773319643,22.971836159966298,70.64556422264714,cabbage
47.07726844202638,24.47082464257397,5.422087784330564,26.29526890846112,50.06078667420405,30.34582269158485,0.7873989968326447,24.064220393811294,47.03385152225098,kidneybeans
53.67689077054221,16.63027432898175,6.900120055157485,98.33770622482795,26.139585276359306,126.3615365981817,1.192165223086141,16.2157779399485,52.029107681139706,cabbage
39.1436345436521,23.143034622839053,6.110653233579087,95.208464825228,64.33793485188187,43.55972339945323,0.787735007330487,23.212237478699944,38.38428160195575,maize
56.64332925879199,19.627245872086434,6.760212057448481,71.32503570545057,46.115231743817866,69.3132401715409,1.0106713386315445,20.400771631584703,58.96714238488516,cabbage
57.6866848127151,17.011689386900667,6.6877251514679825,55.280322259014326,37.714097840881536,80.18036949552395,1.2594084667604222,17.83065201244464,57.877890428503,cabbage
47.5786058301975,18.85510387560037,6.149969025029542,52.739949205282755,53.09036527491706,41.18796238864281,0.9213466354823454,19.15836638031021,46.43570668834097,kidneybeans
68.69688158791013,18.24939837967537,6.936653713945683,57.66241285908992,65.92215135759054,77.35089753977516,1.3402581992548521,17.79754982137924,68.80890484065947,cabbage
58.10715580441337,22.454902593617312,6.719370392316217,97.36857813089921,70.69371151628889,59.739828634799764,0.9029052401355819,21.785277608312686,54.495340666055725,cabbage
47.326618681167815,17.842324150133738,5.7600639355014325,41.70557422570778,74.31710816656663,27.69030482760746,0.5101517038697367,18.0381746076827,47.80578596945886,kidneybeans
79.17901271678161,19.82981005915017,6.744687562372705,78.3042912001794,41.79805553419126,81.71458443709243,1.203940922437948,19.97360501703544,81.98622667258182,cabbage
65.02775785948131,22.30433889961206,6.084151916822621,100.00047759570225,42.4539183023397,29.320695835695012,1.0743344772398418,22.82480223907287,66.1314754025439,maize
60.42281047895159,20.27447425793525,5.869338033560692,80.53776459058524,38.71564363695279,70.4951886008642,1.4521983848105329,20.074656273062796,61.69388246081961,cabbage
34.60253644236514,26.051321188543547,6.983760663891832,87.34603518147298,47.72645263432129,42.959304849515654,1.2340742422952236,25.71262355138994,35.808410329875585,maize
68.40426919925201,23.521762280064607,6.520352096362965,90.95996916426922,59.7016147340598,82.35076695920449,1.0503623163099167,23.848179042166652,68.89662976390288,cabbage
60.27368094666239,15.316613918287109,6.145638964058375,87.03531821463419,35.90666754534684,90.6034262093923,1.3716868385404197,15.88693210771801,57.6704862444412,cabbage
63.911280094062434,21.414081450193798,6.608196963070958,68.37648632753809,47.169628191290165,43.90257154986998,1.2388414365288982,21.222120487123814,64.01088016310631,cabbage
49.901884818658225,24.958484660883737,6.482346639055892,64.0386155599306,42.28325616312708,54.16311441074566,1.0369064687538792,25.15702187462003,47.73266357378575,maize
68.13979230027137,26.659628831835896,6.498905444021754,109.88422587724554,52.28714234074346,65.95998750225439,0.8648674461246959,26.719997442558494,64.35344997779515,maize
40.63496935641906,23.539281205776298,6.038563202223475,38.87837116230449,69.2089419546171,33.96283958857933,1.1428760640713205,24.1366018306266,42.202179545013664,kidneybeans
53.900124547736695,26.034409224915528,6.180344362247078,90.55954057988075,50.19660573346503,48.52627203917172,0.7445590876638568,26.34315894186346,55.24435317792957,maize
66.03486619404502,29.871956249603553,6.167286819825077,118.77223401957775,53.7313150571193,146.58735692630069,1.405162538409454,30.178093264058067,67.24897306358612,banana
51.71030142138283,25.688513075135372,6.373645718793033,81.23222290803461,68.51233805167823,138.01121305516648,1.618551942844646,26.231786733977362,52.717601996430936,banana
65.5680382931856,17.0785493880561,6.409314113297741,94.97780999887532,43.11327959677365,74.67043226544368,1.0326356966973629,16.34900104604794,65.63833945196662,cabbage
45.54119545174751,17.567628141946486,5.658456581967747,44.54865297056659,55.228241146865095,39.41101398266597,0.9554710125475727,17.905456485833078,46.29987378431599,kidneybeans
69.23908248580545,19.639099945745667,6.415696899147287,74.92752608336266,52.67617509031115,77.37613219979863,1.3008128426497199,19.613216507781754,70.53170135257815,cabbage
45.90753002883277,22.411712370894474,5.848814218521129,32.85978278586917,62.339064458120546,53.68437415077106,0.7373148334632812,21.93822383978836,40.56235486439397,kidneybeans
46.085154980215805,26.1109629762133,6.907912597157373,89.16142913389189,35.11372850565394,54.59590525750073,0.9099524778452737,26.419978899246406,46.55629472149559,maize
45.44263026914159,23.178686942192765,7.112275655955874,96.82704061857294,69.45130145058917,52.538550699336824,1.0086326014714437,24.321662311448712,44.62333241240558,maize
39.71476997739351,24.491940241642393,6.339039543168265,91.84595730707281,54.62657572486842,41.7601522450357,1.418220692188666,24.78453720481877,41.85737905525274,maize
63.117099553825845,25.346381789213854,5.938870903130166,102.31945558381268,66.57040346580271,150.8200470139434,1.430682096030153,25.965217583666497,61.43938733480081,banana
69.59643575860662,22.510815420973284,7.026741155174008,95.18232769733609,35.5470505176887,61.16460769938233,1.3918623021861078,23.21160706283847,70.87907853553733,cabbage
38.24949551661098,21.88584741808163,6.595492135745978,130.37256562325373,36.20490371341057,45.90742563752173,1.1649519642013775,22.060909687495354,35.84410234480892,maize
37.65291771634838,20.871411551767164,5.781557630727971,21.977176506294285,62.088619689563906,37.73304853178524,0.5931284459812604,21.300064287722794,35.39332691975628,kidneybeans
59.52265215551577,18.906443155471553,6.7157098969570415,73.27807906623725,42.469532608067766,71.39541090565571,1.0534498308552565,19.22733211233361,59.116996228195774,cabbage
57.59745621471142,19.197912365161823,7.0394071456759955,84.81566839101055,44.216573751384544,72.07598449508221,1.188559483764215,19.63439440139629,56.955550213278734,cabbage
47.86559073996569,23.665442588709897,6.204149699882679,101.51327537096223,52.56248163629806,62.396480419310116,1.5993785444511908,24.140956234451448,45.80415667610101,maize
53.92812108805521,18.851311783045563,6.1555714753974415,104.48636482326253,53.92026611059912,87.68876681855238,1.35702295704129,18.745961112866375,55.758278136803646,cabbage
47.088420338761,24.6592930108913,6.21143003883379,90.79582280587556,54.86136316960768,31.73603896681451,1.2873057318002137,24.474270724361467,49.30675996174526,maize
71.78791586752628,28.67075398780446,6.011629373601516,98.87595842056905,76.34953633100056,118.69759124486431,1.4801422101933717,28.13305942899777,72.86913487342044,banana
48.94326037790417,22.155297065918145,5.970833580551185,43.77793171765841,44.83696060109159,29.3768714989503,0.6397122440489608,21.965531227771805,47.02847492575538,kidneybeans
51.331128619146554,27.968906878496846,6.134162558242603,74.04334334520178,65.62742649104517,108.80935739685619,1.727333028280856,27.234302797546817,55.8087919519754,banana
64.95710368393806,22.829943406640243,5.805427046214759,103.48457047080352,65.73588944797426,97.50980823575708,1.590333950130208,22.592052469130646,63.87390308107022,banana
47.27248445379506,21.244837323958894,7.134440676941875,27.79164046676796,40.174906770512976,33.79114165654446,0.6293820005529684,21.122089998934776,47.190991738160676,kidneybeans
53.495131843512844,20.520905094095088,5.982904744993096,16.680969719747793,57.87678686719545,21.365610216625605,0.5335708488616708,21.021747263898526,52.98998376753044,kidneybeans
47.92287672133924,19.362177136466975,5.970986041781456,27.511502721449475,41.762279525718284,32.17984236922989,0.74712686129732,19.519176711267622,48.17543899581438,kidneybeans
57.6928646000769,18.234613374596908,5.810448448372003,35.19806211440372,78.44893408969973,30.347205915460027,0.7800309252257127,18.102193162008074,57.0098369713141,kidneybeans
57.00414488411346,21.685374407954527,6.667563748534924,93.75033744784672,45.20319023295741,84.82013475228129,1.0148686471874258,21.973393372153453,60.467458072764245,cabbage
68.96743590547295,27.432409352645376,5.939944142295136,96.5769403468569,58.63571481446355,121.23626965916928,1.5909144848798151,27.24569367742797,70.34134324101458,banana
42.683152825962694,18.488894248866323,5.934201771670873,28.980457323537166,73.05596237453221,41.59336374941765,0.7452769890590752,17.488921959233366,44.83442362852042,kidneybeans
62.74998784626042,31.041279397551662,6.022743640327062,115.45687521498061,54.329846398212716,158.07696305995174,1.1833698657132887,30.777480319082354,61.617609296540415,banana
75.7697875017399,26.154878034402508,6.207209491646702,92.10279386725341,42.8358129963267,131.28546312553473,0.8289223503821936,26.0889402817706,75.31865345960269,banana
46.730921303690494,23.550971465421355,7.0467387545346165,97.01445069576005,46.84057831271566,56.825307417526574,0.9733493260071994,23.525567995646046,45.6217764924096,maize
48.36289501976049,22.196296504375493,6.51814391570976,59.162857518399484,46.653471423183944,73.87382824646839,1.0373196923109425,21.65103629894139,50.7842588376876,cabbage
52.63667275516429,23.23061414807619,5.936272374728019,54.25291995242425,57.05988665193126,38.6296912490318,1.134936933348279,23.451705548436095,52.49610891113559,kidneybeans
67.95258536004717,20.842026604921106,6.672802547278848,83.83453914494334,56.215507604598756,91.13840756407944,1.5319432238785549,20.610802708971512,66.47421628440352,cabbage
48.96468918296665,22.055578228416458,6.1467202129017116,25.803335838666072,70.62345950469263,28.23993024787722,0.6534991889352102,22.057794565533175,52.10577638440468,kidneybeans
58.99231653962401,18.458549697003583,6.908899264420515,108.7375143304379,43.837827540244334,55.30595242851061,1.2461271384306951,18.394517709372376,59.42568219694284,cabbage
77.64415365392321,31.916487211473118,6.166594833302881,123.18319204427753,55.98459899740195,120.19463760999578,1.858988360696103,32.08754169902502,77.48668206944446,banana
46.873672908668915,24.57302843528767,5.794264938072474,74.47827672944022,41.1575408711943,43.17500157349738,1.392384536823471,24.947656177630385,47.77971042129326,maize
43.10322560752154,25.900332713439635,6.615339868438997,77.83168849773536,49.73087198027475,51.02652446306499,1.07020779066802,25.5232607476271,40.00118678282543,maize
22.780702945158353,21.60817237299681,6.323975617487933,31.434263153238295,63.827604470567834,35.50014170693692,1.0970312689875708,22.21458242281662,24.2030032590274,kidneybeans
66.50428589510098,20.67621184301266,7.105355298537701,88.51572298023864,33.62380697055802,47.409742632568054,1.2536135219840085,20.10896594958065,67.89599740715454,cabbage
41.665717670580214,23.819955832509105,5.935036172817532,26.334532757256913,75.61438938436663,28.033397969503778,0.6938666220521814,23.418410799062098,40.12745723509251,kidneybeans
35.385463150659305,21.791341864757296,5.258964840757816,41.0659525304993,64.02497114273828,42.93343342974626,0.997667548242304,21.067163583013972,34.08874632340945,kidneybeans
78.51420476290191,23.172440530342147,6.335859780595874,145.264929095892,60.93235008237161,95.95125301926801,1.7599098704955118,23.335292451625456,79.38676366936764,banana
59.67783892481677,24.719586286697684,5.879118065038499,84.49641611111649,39.80719675360149,136.77337106365147,1.3634647997883997,24.472794485195774,59.41168604079424,banana
71.61691973053927,27.76254278016195,6.0651200064068895,87.8564719244514,58.122966012930206,93.24541859296708,1.4232530597272253,27.585553603021946,69.96767458813004,banana
49.46587549777525,22.665249404066113,6.676780602412647,69.2844388346598,41.83802295418812,40.60012295470291,0.9654209492846051,22.61652731444478,49.39928601874138,maize
58.873500601923496,26.104550167225156,6.183116923054985,91.1340426300246,42.64170637825147,28.947287528674323,1.393876644127195,26.13161867045024,56.484769640474575,maize
49.658921584016866,22.063047549987402,6.717138284036069,79.88640380945372,33.07439326428391,88.72314700063379,0.8830986828178232,21.852924748536037,49.54011612267151,cabbage
34.01870690995925,20.836115305351193,5.90897321119075,29.848503553429538,64.75347769333595,41.0949490676045,1.061002097769285,21.085572145195854,36.31241042025934,kidneybeans
50.141691698750684,25.14846442929153,6.460186116352971,90.69446021365651,39.568291689438865,49.62212489010625,1.2620985028096783,25.306159489068342,45.82964561365072,maize
54.23721570112521,18.61339154559915,6.506953687275061,70.98270020633719,56.76225446402594,57.17270998489784,0.9209730018289156,18.541351825207453,53.28196509441606,cabbage
44.843159017123284,23.171279569756862,6.062726544470919,37.249301234650034,35.734668888428494,60.164401005894035,1.693651637506608,23.176908402906264,43.02495323991657,maize
38.97521767682891,21.508762611481234,6.2130764200352395,33.39404170693959,67.63443640418991,42.52189302995425,0.6557875770402415,21.25738757100838,37.29397026250062,kidneybeans
54.11099743809703,25.916033199547616,5.796739324643104,110.45911509726778,50.6030793808126,132.53239419756716,0.9342715168286616,25.53264955726951,54.503786648117405,banana
65.0137651185863,28.57496540877105,5.945110720941547,95.15505822469227,61.09348856594856,143.89999424789545,1.7166605126899372,29.087498951356856,62.12687152471263,banana
64.87751435078816,24.88522651067344,5.931865357061688,110.40970772220399,59.3888009077258,166.4497034405057,1.6926951439501483,24.865832950485178,64.08567842196696,banana
49.759973471774124,26.141984956416316,6.494119706687511,103.0370881942121,37.501866617154825,49.04855087635709,1.290463693510616,25.8183345624399,48.527587991792736,maize
56.850309680479114,19.422735435381174,6.217536978476951,119.65309195685992,51.32857914607307,28.64536751542142,1.407105203070038,19.021785137074687,59.43732961739786,maize
48.724679255213964,28.87753140031575,6.039215197905096,98.59552807080232,49.20226709474586,43.94775865749129,1.1353548683351362,28.91385140975977,45.17188266252938,maize
74.96877529713878,29.573684525291007,5.979623518204052,97.85389879466369,51.87491094103139,192.7826679988118,1.5204302890313157,29.014618972912935,73.51362793349598,banana
39.225715372362885,19.42148478946219,7.02915808285201,103.80281169211639,40.87850621543032,48.22797464093248,0.9557509071556167,18.788617983011424,39.83339022363801,maize
77.49734210224774,27.237593079805805,6.683379337678068,111.8088088700309,55.720858389130555,100.19704461636621,1.4267673844433695,26.890852135836464,78.1056429946201,banana
60.924396185315715,19.11768450610911,7.133342589811928,78.08812943296007,58.9817179050729,75.85453906221471,1.0245323741122578,18.720290132186545,63.7177371292121,cabbage
54.93955170922162,18.676842231152875,6.826353725099268,77.8698900522091,49.61939876557991,86.16624943563228,1.2647924682375205,18.78629314096672,51.13374858503499,cabbage
51.79134399254947,20.423965099543224,6.1327018570290175,62.271351256861266,55.74891917913931,67.28837441690527,1.2274867230369069,20.823686579424106,49.532487991167514,cabbage
60.11511754521786,19.825257459013667,7.1008145791776105,72.67357929383058,38.12802601032633,69.08094837196593,1.1788629104415898,19.165181502227515,62.57169985908411,cabbage
51.75587598089916,18.884055982907615,6.760964128688408,90.59541411050219,36.15389051965687,79.46570709420104,1.5914426188636035,18.664539997988772,53.07885944874751,cabbage
40.5873924687558,22.855751422607938,5.555526884174679,89.49631578245608,24.02549042389858,59.736113922530954,1.3694608389362957,23.283136249505656,37.33522349150277,maize
34.69261757787374,25.504002603243052,6.161472539194997,31.831088360097656,75.81007698982471,47.799128682858864,0.38307884946918674,25.583510874238538,31.682361692532435,kidneybeans
69.96821215950436,29.573180262574468,6.40636668676574,113.36998149100769,47.15648210139555,153.77111858311966,1.0433057308175822,29.298937465631163,70.7203513521459,banana
57.07254618362282,19.080769827852148,6.231520886462041,86.74257451277664,38.84066141408628,81.79897354308909,1.3811188625413031,18.95131973151275,57.27321476329705,cabbage
64.14547906227601,20.24803063721121,6.869906913721201,37.78755077934226,62.29227580626182,90.9856032741722,1.3202314669319777,20.070994542015466,63.06753204571782,cabbage
41.97417682046125,22.922893999081374,5.916460696927783,44.55046385626631,39.698144747108245,36.54649047172703,0.752463272318944,23.193348952992118,40.853575266664954,kidneybeans
77.10539576388166,20.675354037409388,6.977096246610674,66.08452220280154,33.08555902298147,79.8895013235527,0.9713011487061758,20.880964119393948,78.31023453581983,cabbage
42.432459106634376,21.594772209145933,6.042201901423435,90.6230137353346,58.24955679381631,27.32377887060619,0.765404397169039,21.000547407853503,44.02554716767437,maize
37.70520208497595,18.772067614329114,4.9956329913007655,17.928792214603796,39.663322937347736,45.64752222967019,0.8710752421340193,18.675799502874824,34.90639064841111,kidneybeans
53.260143659450186,21.547383782197535,6.303528636340136,97.19744281124171,45.22041087432434,85.08175065203363,1.1241877426473714,21.48379653890585,48.048566484395735,cabbage
53.613321770089385,18.561626208074117,6.4102563042447445,71.12331717133347,29.680668099562965,87.02161103645923,1.068240941984096,19.34982219426771,52.106307131232874,cabbage
68.73525148609481,25.22220535677568,6.797181892625805,76.47368810406215,37.39405981200143,61.14681459017849,0.8466216975605764,24.922447044409775,68.03035038165393,cabbage
49.566141875254054,23.58144547736234,6.320874904178043,114.28397663917994,72.69612569285198,64.2382762705947,1.3058261210522755,23.14356328420784,49.63854715377371,cabbage
54.87651401975795,19.70952910091266,5.8213397465400325,35.90949859957223,56.18120008665398,21.76487929662803,0.7427373186426373,19.426519782511082,53.55516013221434,kidneybeans
50.30146057366434,19.886982105219417,6.638503781920262,66.68980880537895,49.929534594645155,89.05006442557274,1.1579519886932619,19.83849618332997,48.09832301277473,cabbage
67.07027969009569,17.090712254283794,6.721833270982465,95.52093744332166,51.33413081570823,75.66821201406705,0.8114802947448447,17.6579404759337,64.72458197952753,cabbage
56.738353035110194,26.341581203281983,6.253454110575757,130.3154985033311,54.74234744879103,129.20101669651865,1.2056738525651165,26.228243933798982,59.50409751319166,banana
50.65092091208503,21.1537706211973,6.510282472945193,88.78940669514398,47.32392991980874,57.347758216751515,1.2744561106216508,21.125556934459233,51.42547302461412,cabbage
46.238676436570174,20.798086411272134,6.105714404285114,37.86990421492686,67.1085751350189,4.730303388226474,0.8821942218060024,20.957280234297286,44.27151544271655,kidneybeans
66.50007540211874,29.871988035535427,6.625794266365281,126.14378540482733,54.571778794666756,133.6779705493871,1.6338423012743024,30.00904691521335,68.43517623410101,banana
55.0691435738791,20.82110327011659,6.616778924573151,88.87026136277814,63.928218493169695,89.30441379448695,1.3321383708870829,20.225532260542447,53.637195724427954,cabbage
71.99821846403734,24.935935509676845,6.479547983646498,88.56329407184893,55.511644872362155,133.11663944969476,1.4086978185246235,24.072635644577673,73.64209286625469,banana
67.14541278420026,29.0921045020958,5.736984145093289,88.12380042950554,66.0382391996543,98.33132547421478,1.803498124111994,28.900693104192694,67.57610037077777,banana
43.246800354425645,26.499560617275737,5.9016929476103295,88.94859761054371,33.47751158723233,27.66790896791017,1.089355344738889,26.864055835103315,46.071826494347654,maize
44.051536572868415,20.85243525781205,6.17898964866103,19.041307730713022,57.77937006174013,20.131466511587174,0.9709919506329378,21.028024313979323,44.38683950232182,kidneybeans
50.52484002872272,24.22880044543302,6.592058586602445,94.13067087834492,33.15871668101728,46.145844370238784,1.0464062225737216,23.71403746921847,50.58693442969983,maize
68.69669751401948,17.181261224882917,6.894358245245952,101.97208226624758,49.40499471713263,80.57376820598556,0.9557779659031396,16.976084778887003,68.73231075699276,cabbage
51.07940037543811,20.583755664414248,5.867034361562006,34.30916285113515,63.21680040086308,31.82922864743552,1.2891957222876058,20.56054025325193,52.547847373490384,kidneybeans
38.87712074152982,23.821464188383857,5.96778511148264,20.60589406930692,66.63376281190628,45.65889610937243,0.4305820828159394,24.02737788316882,40.15890905861407,kidneybeans
79.15038462385965,27.422920304727835,5.5314862450156355,115.92223661784894,48.57724366998559,158.14564749252233,1.136427084005617,28.131524017722533,79.86380990193156,banana
55.52423405480878,22.125067032619835,6.662456323386652,77.94089218328476,52.13809704637332,68.63557224281178,1.223970739818766,22.202721538998837,55.478343315554405,cabbage
65.94261871964443,21.66366290419276,6.641011488925294,81.89472514298434,48.094376855429985,79.67794938492082,0.8937039356672124,21.433575596024443,66.09926010312229,cabbage
57.64682896710587,25.45194273832449,6.334315153175042,103.24049566371073,45.86505541921462,48.29943538657265,0.7395053160899969,26.085074517033824,57.14270333629916,maize
51.15836127345985,17.573928829602586,6.863196884296786,87.24897769430883,71.50219214422728,47.21909070829401,1.4101818570426046,17.743970083227957,50.00637346899231,cabbage
44.674403021237495,24.63116519243989,6.740470440521877,26.78499573406574,42.250385934931835,31.17369267969156,0.6464408880537128,24.57622399767208,46.60376180956473,kidneybeans
70.83487623247274,27.879032288582856,6.333960883756832,113.70507914342127,47.63005393433956,108.81244326029585,1.5550026641995263,27.662199969705057,70.68535110564612,banana
43.190170199781996,22.67798519519518,6.00075217814969,13.842972869192849,42.88429458463828,35.470152977715614,0.3878942105751375,22.291802524030434,41.13415160398898,kidneybeans
61.69276179521533,24.983382227451475,5.954503082721482,103.96864321047573,30.852978788255705,135.3274892545671,1.9057781729269636,25.55471754995704,59.02947227510037,banana
51.73203574831675,21.945978874898415,6.470749672634733,77.7578379451519,47.84244376652179,76.21441282443416,0.9140710555064278,21.901810114695053,50.81925088866555,cabbage
45.86209788330646,20.011003834472024,5.532428941712999,45.790772861733316,52.43650816062553,41.93309810318992,0.6757246783904978,20.61093455336355,47.6697492605255,kidneybeans
76.46485197897765,28.654345599242443,5.998118492318029,79.12990281323249,43.784570410158125,152.30336852930026,1.3775480472033137,28.475199034531858,79.40237946828681,banana
75.59210474024691,28.81051880298791,6.3250444789697,99.59206888393282,45.35778693398483,147.0093344302612,1.619109480688194,29.414973429531564,73.91606637939555,banana
40.6840062893824,22.943245132397802,6.369234633151753,44.40511720877359,68.24865078442086,24.270517023420503,1.1102354265784522,23.15327394874263,40.92002579564065,kidneybeans
47.50959109468743,23.272476035637045,6.480611221261027,31.200526339257706,9.330624981621959,26.823618884730184,0.8982109209617571,23.172188470548136,48.879500207997445,kidneybeans
35.7248839071301,20.617696032145492,6.004568873986404,26.976945710630122,28.736532432488865,31.592193077557987,0.9783795151014192,20.436192938240392,37.18030973119562,kidneybeans
75.73458342270408,27.4893638509747,6.250325629786739,80.40985205280805,48.871124202415906,163.75399017488834,1.2164230344379872,27.80850753108641,76.90909874619376,banana
71.53111253363728,29.706147155084118,5.703341210173765,104.14633807545047,61.87733123637412,136.01881922547108,1.1630466053736115,29.100642504428127,73.55123992736713,banana
72.78826539182167,29.280418957873472,6.099424479997284,94.4698660696777,54.19173472250559,131.22810370726856,1.2733059850724422,29.569328616744674,70.68269926559834,banana
48.723918253022994,25.547927792438482,6.076989745336657,72.00517988395114,35.99103004695425,43.09239539665451,1.3818386904106057,25.108064454100745,46.04320583698058,maize
65.65104117139668,20.147178222038953,6.234924573914414,75.16938856932936,53.17518178502898,58.52799432762384,1.3262033576010208,20.49222583475852,68.0557974045522,cabbage
61.98045587751035,23.158006223179775,6.555030787610362,72.12453034919028,43.706553894356034,74.60018078133099,1.0482082284639973,23.861559855784478,59.563506285701884,cabbage
70.29422528966364,23.53077700612561,6.0907768503218405,71.76990160522979,67.0507465264539,155.57239274250125,1.570378674268031,24.24502530557413,76.83627753409283,banana
63.15761179898381,27.57378223658521,5.913753584295823,91.87027786362552,56.95350228615951,122.43500988408579,2.3218512399324918,26.67171201319559,64.79303501150963,banana
53.21099964526798,20.660528002080213,5.443272605605704,19.932077524453135,50.65540784768221,33.90860888040377,0.9090484408856914,21.050024119452747,55.0641197837021,kidneybeans
37.761853584896244,24.594543181382253,6.1641043608896595,31.7898497370169,69.01793164471536,30.121604847084654,1.089542596654814,24.87516937015844,38.604755066006916,kidneybeans
65.92227466922333,20.082732327361747,6.988706713400309,73.01624834615974,49.31422530941315,73.24712512080023,1.1124658065063417,19.18590483930748,68.9016827427062,cabbage
53.94376347319627,21.238235970027507,6.650020507705115,73.55382468518984,30.457286132454144,67.26320729207423,1.6308526892345747,21.12038163515002,51.237225687775215,cabbage
66.07626996610576,21.700974406403816,6.6180708148132075,71.20820515902459,57.413665309309046,55.739405982408286,1.3859754684286216,21.776794744769482,66.35472980942495,cabbage
46.13617451444146,22.210529830711764,6.22889518128229,56.38275471037912,67.67219710686336,48.14247497284714,0.7126408879784341,21.974485649848788,49.35797638727021,kidneybeans
60.0913961228905,19.725106014213754,6.389721742257965,91.94682086254289,42.57733362842355,45.82899404156703,0.6030894478772771,19.1584142003481,57.88587476835579,cabbage
64.89263492016644,23.929271039766174,6.664423723352551,90.72354331186546,36.23188999059532,77.7755287041924,1.278648750507786,23.78877147223248,66.7777452031869,cabbage
36.15233797806374,21.80136255856501,6.039441920145439,42.44905784768908,38.14549004478385,30.266453967552636,0.7097538222187145,21.809222596619637,35.64588057282885,kidneybeans
57.60661216648328,17.38215104629303,7.086029801187117,79.77992992625231,55.766802341299105,67.00805672473774,0.799172758283955,17.320841530108137,57.65142664846145,cabbage
44.517980492328746,26.349345809848998,5.904533283315135,36.61543323587116,64.9553370979263,24.307476871025365,0.6926261734258402,26.600605520952122,40.99434657045635,kidneybeans
64.97001288716045,21.52960854345318,6.527494091063676,61.40054263479558,53.34744906892793,71.06126381142953,1.058389528000801,21.94480425946149,66.11566913393575,cabbage
24.931638103542642,21.45978963655849,6.024485506293981,25.228549363120614,56.30610524687515,52.2268518016716,0.6211455991692889,20.755865531143893,24.060826848687864,kidneybeans
75.36720657668818,20.28219076432428,6.78108848401235,105.48002613875674,38.032998824154845,75.1032192298199,0.9815102874692794,20.83444320446407,73.82547423249741,cabbage
51.895779846284654,20.95859962654718,7.099053785761798,73.90177117060449,40.91666837173331,63.594948076233116,0.6947716204229621,21.269428810143538,52.07170563894666,maize
33.93817286914695,23.28437816611077,6.042781943170333,122.29866098280647,61.83586209538022,38.77459847334447,1.2266457885475635,22.7269091723643,34.40149375761999,maize
49.553866455269464,21.944352615757104,5.7899981538511085,50.55143225941118,54.65834139848245,40.39122972137266,0.6502635382942648,21.814288854555603,48.64676330065823,kidneybeans
38.5204498686638,20.7588191798131,6.28667290349969,70.62758639426218,30.8231582984043,50.13199811077181,1.1321553981228165,20.461274808974846,39.39136654057864,maize
49.27477526743842,21.478547479312514,5.850794444195169,27.0661192566363,60.07548036865684,52.30786583542361,0.5327179824296038,21.56241920294911,49.02942282520898,kidneybeans
57.03177834176714,22.82118798137513,6.6231148159278925,94.4781715764195,44.986073485566514,47.50446300260761,0.8601430617145331,23.11592259374315,59.45754572521345,maize
49.40484337690235,18.203603384681806,6.0019358985202445,40.76369380669024,63.59083651874783,41.01288278903354,1.2266321036006649,17.580236472795054,48.31194726180637,kidneybeans
42.76169843656488,24.230316646085274,6.674695412812848,84.27768212468767,33.507960028117054,42.82773841781324,1.0776698993248164,23.889988797132197,40.57422431313154,maize
43.01845132924717,26.633728654947333,6.231517438125918,37.83524924706816,55.42209050187556,45.744799969918574,1.1526984621119487,26.802943044839495,42.65601167663621,kidneybeans
51.59059242186328,17.240038668192607,6.329312770201395,74.33489905008867,49.95821206587342,77.9679101861453,1.1099979106725222,17.168721859396957,53.351206326048406,cabbage
73.18859778379094,20.689634155779576,6.591694469582112,61.3494185615086,50.13401858218039,84.35961357926851,1.6495481024946281,21.066654776245688,70.51028783431178,cabbage
38.704277302741374,19.90972523897431,6.595271750998025,62.67615497766465,53.95458648799141,62.51559663626014,1.2717077175366691,18.938801941056248,39.78453923665782,cabbage
61.09006645002794,18.602167325186656,6.66715572711788,93.08844405958035,48.57341886735704,85.48389185179145,1.3771984004763087,18.253836419442155,62.71289721338738,cabbage
26.315070173014384,26.181188561955043,6.715688136966826,52.00333298948776,62.50857474435351,37.63529334844878,1.1616598188987446,25.633251175870186,29.762857829262106,kidneybeans
36.423100220615304,18.841904307988145,6.251737687738707,96.57854050757102,57.262929556489496,68.09844422090077,1.213134604744898,19.155779794440818,32.34764320514587,maize
40.40772660674864,21.912523090858016,5.923618294408489,32.87270406219201,46.112094863238674,39.06719655145942,0.8998045201435488,21.7321225990793,41.508252748628905,kidneybeans
40.9851137746593,26.713217511114774,6.750610889178028,105.67000096955508,57.769808321980435,38.83706911807892,1.0028417047332956,27.204967798174817,41.766563826837086,maize
41.266493424465324,20.759475711584592,6.276013891742827,32.510861159638274,69.0023011020001,33.94414049078554,0.7030711620768587,20.448205997873444,39.07710065040358,kidneybeans
49.31144325835398,23.667775971268203,6.433597459635711,35.26037805271899,75.49755158205485,16.87702201832993,0.8158992126182899,23.48446490394129,49.87108378839223,kidneybeans
49.750114998103065,22.81533783941343,6.037270168110939,34.9307894458066,83.73521217870945,17.282760081580285,0.765679880324986,22.71603642636056,50.967479823930645,kidneybeans
59.18410853305707,26.898743773886018,5.719273115542056,105.8241213356324,56.12002674413628,145.34990782254377,1.8928576909543202,27.051419987677864,59.25246396450622,banana
44.508468557098254,24.14279194307087,5.744250633679573,49.29860975180174,54.4058785417746,40.94267520439778,1.1978719117163223,24.092361728522906,42.34931511642375,kidneybeans
59.709231010664766,26.587708216736296,6.2793786882267835,73.43643209296769,36.172651055717225,76.36024628035729,1.3121184525183078,27.29107446253351,60.21071225048742,cabbage
41.25415783765703,26.690600393665964,6.081298790627494,81.28745763169184,37.876629355872915,67.99589093037319,0.9866404254078519,26.50813791521982,43.070283524693004,maize
56.38078483006218,25.061202844522757,6.071795447774453,100.4494116927356,46.24753274162355,133.01298177438713,0.7980755652877809,24.631034941875228,56.95103251274673,banana
60.52135253091385,19.149429605603782,6.442796274233748,57.70747991431365,61.71524509184777,62.690453249981374,1.351648289389857,19.215867550107866,63.495686917830234,cabbage
66.71691710500919,25.972727478570178,6.123585300859536,102.72167213893832,52.13748506380567,126.35283537310735,2.0372695713698743,25.786962750877706,70.70577409437134,banana
74.97787740509162,22.95567260001655,6.538018246422178,92.65809547516093,55.540648364458704,78.2308512427907,1.5343358064190395,23.129587650502412,71.00627942366968,cabbage
35.497055014605536,19.65861170756226,6.859720391871358,73.67289929097623,35.02653251279732,69.77491031662413,0.9890766630550779,19.814952916049684,35.795717066810305,cabbage
58.69918485954195,28.84307790607379,6.640012162346132,76.64054230804614,22.502162220483925,31.39741633710673,0.9678934672211187,28.80384847866079,58.521956969035614,maize
32.39171849076931,23.386805385144726,5.362414906755422,122.13303123729835,45.02993291199956,37.746084779920245,1.0470665493639015,22.824888766100596,34.59010160186493,maize
74.14740262811077,18.385772958717357,7.258747651615712,86.95028042535681,52.455235809950345,91.83617985501806,1.114461916124895,18.183582965918756,74.33965700689538,cabbage
48.16646424239438,19.575298535620245,5.83035428881696,15.573616480637718,70.30236826804477,47.986311866730674,1.1924011327684496,19.348499201243747,48.937096145341364,kidneybeans
61.641848733623824,20.147593963538746,7.014479312917243,68.00167949791461,67.36025145860177,95.70993190378792,1.5004325077598877,19.871491092182595,62.08430781762507,cabbage
39.04121910603371,23.465832021528918,6.003701321935177,58.08352664507262,53.803092713491864,23.704048762730253,0.82917439565652,23.441412827244555,38.52383314754999,kidneybeans
47.692803751037474,20.911930859244464,5.742307288450232,23.169500300089453,40.619210010786794,33.44767965936905,0.5926546306482631,20.67437272766217,46.15689288355717,kidneybeans
23.141981676152582,22.77046749528876,6.316330045290502,26.116047609935457,82.5717761598118,50.18127192714665,0.9753661792128107,22.758296629327702,20.63942040910721,kidneybeans
49.90637619063544,20.635563399981386,6.135506622690727,22.26569372797495,64.34338518187646,32.0296428063798,0.740418337142938,19.708592099898386,48.16125797247231,kidneybeans
37.650238545170176,23.1798631508582,7.04868368338935,47.22573491848091,51.49868429366365,31.839243612993627,0.7237689384595142,23.020277240727435,40.727169173227225,kidneybeans
51.19819381378749,20.046014001365144,6.484580901937294,77.26923846087365,54.7366351134409,54.15930302279598,1.4944420512329717,19.322756382616845,50.42909359375166,maize
65.368099417688,21.80215768047531,6.686572707629262,92.0497968140444,36.3584614123631,65.5808480762314,0.850754971056206,22.255482988298596,68.083654518296,cabbage
34.59641642713994,23.23565597716602,5.903641775673281,42.624911612219485,55.47859607235891,27.483942675090503,0.9787636707115168,23.150220994012724,30.385337870721976,kidneybeans
45.063713101351745,20.711210064961058,5.902931626922216,24.91417805205297,69.45437071343483,30.365844097541608,0.8580100183327511,20.251956747039273,44.057708075914235,kidneybeans
70.03513224506776,27.536325561910633,6.442776766837034,158.4352675951337,62.806280522016635,129.87728424545713,1.02153742079532,27.323024688837556,70.75752801317574,banana
32.846331711305425,23.111588535052096,5.756169030623093,55.51441538751523,48.91208030756858,40.936846491648254,0.9728087252148461,24.231622909417826,34.86092984602165,kidneybeans
49.78876439019746,23.070213546696774,6.0470123853199125,109.06602730013378,50.4259446329196,38.38583107693184,0.8991899770120738,23.269382720404526,49.49261958110195,maize
43.902058167427704,26.318596203895453,6.243002527190076,122.35610099960351,39.996389226031,24.858974051347104,1.3453699373270291,26.58238988959621,39.02930684093306,maize
72.45515680077946,21.01321181935891,7.045774773670418,107.49984255598577,53.466881560256134,71.84740221860935,1.3017069637072938,21.067841626355477,73.56747053117765,cabbage
59.17193081256219,19.91570637257462,6.3901062322904405,111.62221978929918,47.73494754020211,64.36596770937666,1.575800353507672,20.126032452236558,54.684514148798826,cabbage
50.70059639039147,23.672156174491636,6.789538062081093,58.977658666702474,31.774588667083208,41.744549884804684,0.8180117441235828,23.45634210172318,50.81341952473061,maize
36.23354964397873,19.996805157202864,6.29133060833142,70.32017055802712,43.350622246037815,27.47901427273029,1.1707671470024974,19.677282859245672,32.21776354236939,maize
50.92355251491263,21.218971320041454,6.446020035881909,97.14584348097912,45.36059926797795,61.20070309136051,1.0574028941609723,20.17821599402078,51.34488627036187,maize
46.351224478257926,20.037650193162094,6.679172089954335,96.44908831936516,44.20094172688073,58.56866628584497,0.7100119791850273,19.837733687499693,46.71323555171962,cabbage
36.292463985303975,24.557699356563187,6.556734800852949,98.34065650858837,39.50447378869917,49.49978341346548,1.0772822675935094,24.75173206338884,36.63371414238356,maize
67.9842482884709,29.78414184194851,6.5151161083578994,81.96812933184088,52.39014308992858,124.57022958594006,1.227581270301255,29.656045545027936,69.26581855697617,banana
60.23800595727089,18.799235142167298,6.261707017793458,86.89893001662767,47.58362382837629,80.44540468362865,1.8883943039183344,18.718012275339834,60.223373691881,cabbage
68.29841717106423,25.366413641459488,5.850614249214677,90.47711194627281,44.38486002742539,161.99269928159066,1.1094531743336706,25.17743755663052,67.8707059690764,banana
74.79704435171432,28.22888024578495,5.926990453321749,88.30297694456996,50.53252989981916,153.98803397944,2.03436807827447,28.17672255021714,73.41067045942943,banana
72.31364777587319,26.960196658186828,5.794071944385561,86.6458205099948,56.50262511313971,96.84351322612417,1.5664125761928684,27.107018068859183,72.12540564673756,banana
43.92830827677449,18.88663309833847,6.7209180647689095,43.58645662044799,58.06228601424007,21.92423036499153,1.142220312072574,19.6837302186726,43.830335300652585,kidneybeans
72.94178822689172,26.82418702526157,6.226485048972949,165.6352483022127,36.00732650763844,171.62507329246196,1.0759448029042042,27.33656470877374,79.84988103138008,banana
43.68050058849456,18.620613090101607,5.530927065239133,36.45488653612452,73.21618475475597,31.90967322431336,0.7329921954529365,18.93514255741824,44.92501808503497,kidneybeans
64.16348946728624,26.66644853199603,6.345834271785369,122.44697359923538,52.4540852254233,119.00765090353654,1.3051188871215507,26.762617073647263,62.90884761545248,banana
63.97384713353429,24.690685448321386,6.602846399866768,44.96940280512622,44.11203552287499,48.36400938689872,1.1020704774894818,24.818323381930814,60.85144128915653,maize
49.30202452084004,28.35983631541948,6.417899720493257,94.55192666945818,40.43528855775278,38.24886047856538,0.8958562231361064,28.468981322629787,49.849632211487084,maize
64.96737140363885,29.579859397236483,6.084009139302653,106.70742763205176,51.66478221618453,150.32106159810093,1.5658208009261718,29.27977176913963,66.05240229070995,banana
36.644327111718084,24.76134851675039,5.7337854664463315,49.1082248387722,51.848387098431914,45.39179596216837,0.6644981766238728,24.79977137239737,34.110150305458134,kidneybeans
42.88198773800202,28.010635903792853,6.035794881620649,88.1384379556566,42.56103889822662,47.9123141684738,1.1937655379730852,28.179551511442998,45.73264562494263,maize
64.48366219967043,17.474650975963357,6.39311045013328,76.51985269391544,67.29712790749237,78.06672565080889,1.2508000845251606,17.49834133367718,67.10553889944332,cabbage
34.60628505134363,22.44001167808016,5.728137096237788,45.46998202571664,70.1408345035596,41.63025722420357,0.7808331000714286,22.86612342675984,35.353165757774775,kidneybeans
71.06508111889696,21.675706697736274,6.55450057651274,61.03881530714791,52.73988472872999,76.39890879847607,0.8116206144386733,21.0738646062707,72.47514911371697,cabbage
58.236203339309455,20.355302753242604,7.014780504665743,103.64850870923142,70.52019623763294,78.28521426503411,0.8641683907594337,20.322162302575585,60.59112684518012,cabbage
53.68981263834284,26.06997044199265,6.715064597406988,78.69481049294328,38.55632879786977,50.65460419169093,0.8649446977685709,25.94636149591415,54.03016652472671,maize
60.39980779765276,21.251489086179177,6.705658554017486,67.0748418350161,40.244718209852586,87.87763125050228,1.4317376044926549,21.420327192397245,59.500523616308485,cabbage
51.74007473801637,25.178846306362846,6.676782142591528,96.13424534403791,34.54956290413698,44.50441162448417,0.6794183795522434,25.814933828611558,49.636300192219544,maize
49.04219617178309,23.706144581679673,6.0958334632473266,85.94223391389421,45.01339846754487,47.559068501042226,1.1971185502128854,23.83915750691873,49.106936373237154,maize
53.946033369627536,23.370056554482787,5.809736147068064,76.57023138025475,35.45208182869179,46.697065451428124,1.0347750442497876,23.73911244359793,50.629362238463045,maize
73.36168816908364,25.336954454667246,6.082287334808483,110.19083531143077,51.89784069871269,97.41520235502635,1.4085233487182514,25.042849149963114,71.26450487942846,banana
67.39306709410513,26.915132379841783,6.2189225506621195,112.3941185127826,51.940940777132994,148.87760361121244,1.5889149060350265,26.385379496611026,65.43857463184142,banana
38.204247746236,21.325618971775775,6.924431054103857,88.41821863651883,48.65363742063768,15.443811756549302,1.1619868902129689,21.138248692615992,35.880378933475825,maize
71.05861956717172,19.21340410595571,6.57392263068993,82.53275259548666,54.791242179630856,52.82892169768431,1.2324915730289991,18.939304548601836,69.82534528732279,cabbage
52.30492349603141,23.267021033378096,5.852782718245959,85.39502271586518,26.893813200196053,32.13606664916303,0.9540799107984548,23.27153211202556,52.781700245706254,maize
56.99679868819813,22.300447516994907,6.444717032856529,73.66610568667564,34.501542120107494,71.78152842416101,1.591447137309746,22.90840154703894,55.258446870736826,cabbage
36.34275344115467,26.15957003424547,6.503746300283031,96.20288828550643,46.096477545740086,51.14270438357064,0.9545696626994384,26.62314986719623,35.733899915441334,maize
60.008377488660294,18.458310747084386,6.296041236059758,76.97087483891363,41.87253038954259,82.04125319972505,1.2069221552690181,18.271728605225945,59.63720013225219,cabbage
73.84167883158341,29.82032399060387,6.169201690714187,86.89269574636336,60.36790507885046,139.4705525346659,1.45858587741554,29.63195542634593,70.40918147661431,banana
34.645352705367955,22.109429463978117,6.11370716854239,43.679156717885235,53.16790519772274,33.625331813928305,1.1627472140629438,22.103241158843396,35.547811476411624,kidneybeans
43.083545711666865,22.747103771161406,6.210542500820372,46.094904279142234,67.6694121722636,44.210425599891515,0.6613173337665296,22.7285622901291,45.99808743822398,kidneybeans
43.729717953812944,21.01799665893744,6.353773484402007,38.23022946593189,63.81616320388089,42.436736685426595,0.8047728842379165,21.20192878152337,40.251743499413124,kidneybeans
74.49419679685843,26.025772878369644,6.302681989949344,97.52972005638306,61.82409633324494,120.72068543309186,1.4486301767723022,26.206207791851174,74.19552632271544,banana
38.571034539875946,20.174399559143435,5.832583533475212,24.5558357881108,75.73512006592857,37.56301718288519,0.633726860240539,20.868408759052986,39.20219704827067,kidneybeans
67.40836082941969,27.49782719735006,5.981908758610887,118.75384370235564,54.50793772393345,164.0869896697265,1.3104552932751659,27.324456403437456,69.19879763387205,banana
39.749249507422505,22.325993531317113,6.017123688638055,24.420467810284386,41.4743834051207,28.840021829614603,0.7939953104383057,22.770055177670184,39.65381547108164,kidneybeans
58.80782597260044,28.413065025795653,6.091769993744882,103.76968640790726,39.46094875138656,149.7003525582679,1.9020763202855486,28.39171508802425,59.40905558612951,banana
68.62714937157904,26.64757388207605,5.794564716544394,98.14310694180327,45.69287650204936,129.89323480910213,0.8991558784422512,27.635252296753176,68.1125136010477,banana
57.51923753128455,17.375122295598953,6.618831639546017,93.66788776509586,70.40493414324537,73.14076637619885,1.4461603720833156,16.718402962178516,60.33529899109578,cabbage
60.35350267967669,20.87733633483402,6.695266323888112,56.669911013778155,22.498515079948515,61.12915081076796,1.3136552558918724,20.697711684736184,58.56254085871929,cabbage
72.37147116924841,22.333566324380477,6.561226345813875,98.87945183132143,39.757747289019576,62.7795478152616,1.418393550621591,22.180845858629606,71.36978885619135,cabbage
64.81163125801628,23.57705368053908,6.330968794382429,64.10543473990359,45.996526373485764,149.45000758784303,1.725127066321073,23.503408507692214,64.82200415533431,banana
59.259854890509736,24.87193973511574,6.314228772083254,98.13183481693771,40.13805869300953,50.09898248476536,0.9766496649043305,24.80119605768662,59.7505969085004,maize
42.19819148371398,18.16595970037924,6.393853010732895,97.14659940027884,41.36739352431194,67.29731841409549,0.8249661115689236,17.78837829049044,43.21783289926621,maize
53.3651102458102,19.07753054798116,5.993752976597663,56.64716579903441,63.9697683209171,28.982114607229814,0.9289028177364392,19.103318118422226,57.56013147389933,kidneybeans
39.713636665025376,20.432709278625246,5.890888231883407,23.172125972399833,45.97451779568153,20.78323203165788,0.7747525985453471,19.74192308439466,39.21841059877652,kidneybeans
74.86133610170275,23.204371000200446,5.678049811896329,86.82004610972565,64.07431678575513,140.64727897894787,1.698757838934384,23.018136288365007,77.77037218362082,banana
29.311881434019508,21.829634491209156,5.672493380285477,56.09319760016987,69.18601007187283,17.53469829125008,0.8290333560794025,21.299610638079013,28.668136013639618,kidneybeans
53.77866301935881,25.190384993571158,5.864722447325446,86.70847443345298,31.487493443113536,140.02613499811108,1.5938137737824405,25.29346328208178,54.57313112531679,banana
51.955584472840634,21.9223144274357,6.361599037466942,90.26085943611724,59.95765831663531,79.91933675753742,1.1641148883344958,22.0903131274637,52.86570418666705,cabbage
76.56866079373292,22.42944294899556,6.901646493460213,86.04074965705365,44.59541523971244,49.48292081349538,1.314851388335521,22.813261374053475,74.73281318354826,cabbage
46.35649953705896,24.58219505034292,6.589396063781586,90.25173399357526,52.007231568595856,49.661776621973104,1.4395302739668152,24.37737048261527,44.97263214470974,maize
42.82672425504522,16.813527590227906,6.125336264430725,47.87040037652234,68.10941082861163,28.69512037762628,0.870750095674499,17.049948980484896,46.723577363247514,kidneybeans
67.68503354649896,25.829623102145977,6.0002672396980685,144.4439190388763,49.38081985041683,105.38665078741028,1.2822425337938583,26.46843424608637,68.29569012119634,banana
39.68012715007603,24.853888877351274,6.71331474369009,84.61323533006538,37.707130636263386,60.167926571392485,0.9438491479462053,24.5875377929031,38.442234044893304,maize
55.617890973225016,21.42027270575308,6.733415518399324,88.053077824867,53.448317094770466,55.0216252098624,0.9226852360238724,21.960811541254078,54.493747223004775,cabbage
56.42392432070516,17.75475362282337,6.73537380089981,64.75981491050389,50.07365937850373,73.47218914999917,1.248563038288443,16.893141694281887,56.985942831678784,cabbage
36.861485722995305,21.14929598652578,6.280628568465157,22.596372013773063,91.8710500282803,35.73194253399606,0.625893605454117,20.45316816039201,39.30443012341045,kidneybeans
51.65420190045929,27.778071083191804,5.5565273119700445,97.12680973975482,47.437524804016476,26.220112340340922,1.3974055013219109,27.940976640685992,53.1487460027462,maize
47.61025278455906,24.40047648329269,6.058414414359784,114.66973779505437,38.25787538275491,43.85790108222163,1.5757268655685421,24.28273739388179,45.56119495873305,maize
52.927835380603966,21.223923288963803,5.85198432473682,90.20601790364638,39.72082362675687,45.60468448117368,1.6021888465462848,21.26942255035826,54.30335764380371,maize
68.65874443548198,22.983133032897534,6.52303391779066,103.83555603536595,38.91158618712731,78.60257814226219,1.1232319852868728,22.292445771969366,68.01028993563159,cabbage
35.58042213452786,19.828644537248643,5.714649749921913,17.1503456794309,64.05336678237525,34.57433095238796,0.7623053179252873,19.569553480017316,33.35164282842643,kidneybeans
63.96206068796181,28.0173190860362,6.1830459187992455,108.5423966001006,60.776055713698575,148.43850268500717,1.0734713792858654,27.46111411258396,64.6353081012165,banana
65.1262620838949,27.421729204176174,5.461549137404256,113.57930782254398,71.07979084302036,146.4919247043583,1.5077886340300515,27.65766930270228,67.90538260105502,banana
75.83578013398866,26.984865406737697,6.253041614684032,91.66498299586289,55.33007192384034,161.21505951201647,1.6252112409095487,27.164189289040248,78.08966642041327,banana
47.21211612392461,24.76091682257565,6.48716264280743,90.64037658572325,45.085056267231536,49.27796398247133,0.7475075742290311,25.012678425016528,47.23408715097966,maize
73.90755824087348,28.248368544939066,6.122619862943818,124.3881958149641,37.09153564653668,122.96589614141011,1.449124088250813,28.14841964130484,75.41684547521871,banana
50.37119828083638,21.13280270531849,6.972278670792699,101.99153945584665,57.960506174863276,66.58750074290604,1.3246646024052504,21.652794046469516,51.48355379229841,cabbage
45.5084582897995,22.384602519445775,5.896651834547982,34.68284054311163,52.72165859788548,38.16828973407844,1.1285696337706366,22.889216549370197,49.030263062054715,kidneybeans
61.211397234194486,25.354595953841798,5.786421165580458,82.32457949160543,52.44396036685552,189.8402550660474,0.7997468873369086,25.497979784388505,57.68216512942595,banana
53.8389753388745,22.581782905278814,7.348582534356551,72.64195494820765,75.51633273290122,83.22932135236898,0.9517719065256794,22.82897120830039,53.73260503544034,cabbage
47.24589956597954,24.916328518093074,6.815703782641678,116.62694119213614,34.98708567243456,44.773147246743534,1.4693484162436674,24.593931074560356,48.33654608991366,maize
57.01792965574426,22.61168195295246,6.369864771862633,101.46431310069978,28.449046568148162,40.528423426700535,0.6006333267775352,22.60760350670244,54.903619907467714,maize
70.56433053555031,25.1169247955404,5.939423330010826,105.08265765309733,64.49465812574553,171.88508556140533,1.2803976201282856,25.095879958318243,71.39488991608121,banana
47.19823471464704,21.293046433918057,5.6927853770649985,28.222359786770884,82.27787144529219,40.072895250040446,0.7350806208205971,21.646387089021573,47.96426101555041,kidneybeans
72.67988740279715,26.572093712278377,6.1424970092173075,126.31370349440095,49.49320039412481,164.40034807329013,1.3759184271766745,26.81649449620848,73.0832024880661,banana
74.35875308087113,23.399042616531638,6.050870768763339,89.75608137925502,50.850878377320214,100.11672575879437,1.6638267692494286,24.136689181889345,71.273783865268,banana
55.45258410299395,26.723043741776983,5.834519581237763,115.85343161813924,69.57424092075891,67.29273610555973,1.155991857093362,27.848103441072475,54.2204860518817,maize
74.19345778803014,17.90763556053882,6.331016653522533,64.68827093059016,50.11123302881161,87.0100562671472,1.4822061157306263,17.11103593555895,72.68756619116367,cabbage
57.78117390455184,20.84040101372651,6.32152748128066,47.257124807225885,76.5680949147,75.58434528327294,1.3145588693214654,20.661058429697462,54.72798243782241,cabbage
41.58852143893463,23.352216905780008,6.554841424964851,40.2493812183384,43.82126711346879,36.60855602849113,0.6970802321431703,23.037702457119014,43.92452820958781,kidneybeans
61.07203580934328,19.82885464042275,6.418897471421273,100.25509734637758,54.67135877905253,78.87687298510644,1.7038515909456933,19.75991445152132,59.13828362588201,cabbage
67.29791632789615,26.948721879304653,5.703590778506419,95.30538476902012,64.61776671291025,136.56188373934887,1.2582246664146925,26.97235921251466,69.75656619052697,banana
72.87704845625306,19.32308850751617,6.988308302985972,75.3172593063703,39.31417927317631,76.33123048804278,1.1434161417419664,19.50757335499791,74.20971724773553,cabbage
37.09271423208537,25.926885870336303,6.082126165696666,44.42230768075544,62.88999411927226,25.020919133649656,0.2028354931780153,25.992113953509385,37.53159414932524,kidneybeans
61.64525312475919,22.07828766296836,7.448206844914572,95.03849385353051,71.22197504272245,56.143418999628494,1.7613923563347975,22.031249869427747,62.2420723280211,cabbage
36.263638036872074,25.13491394827174,5.74905760770903,113.66654168710629,39.69023495444285,34.28298673138256,0.7720492085556973,25.51195139663166,38.19397902232941,maize
20.4887881042509,26.13792787541727,5.258313620923934,44.108445739820425,78.09338734017544,34.18042098377174,0.928798535706247,26.60595443710513,20.364853678181934,kidneybeans
66.07805578414515,21.032828565508808,6.4822407872520325,80.07208104814961,57.12231306132046,48.67857730407742,1.429951085047998,20.619499300333406,67.61274046953736,cabbage
44.229346467576065,21.96164542671218,5.65826517728181,40.903162416275705,67.36904853442854,36.57916086423482,0.8310928488738287,22.146266993896692,44.38580409628974,kidneybeans
33.01796538177438,22.564924319330487,6.2157777098637315,27.928749691232046,80.39153470871753,23.027471509778728,0.8458365669568346,22.892660687400262,34.81925954748526,kidneybeans
61.20742345785,25.06972610173729,6.251329195272419,105.58743549150876,43.59012102555582,56.208406514031665,1.318264150023186,25.289319251368056,59.604185776313095,maize
50.766808515304575,20.156940156354025,7.07471565039585,56.02967384935483,48.15239629473692,77.57898175420372,1.106549345296756,20.220261571190235,51.34578304612708,cabbage
42.0559251623556,23.857242619524346,5.923129096828904,36.93130563939261,39.83604587371248,57.66528731133196,0.8273398406654425,24.23711458065089,44.982272162772595,kidneybeans
68.25536528929962,26.25857923105379,6.195399608324214,93.1604238454004,61.71816371375814,165.51384005799443,1.5888301768869812,26.463617228426283,69.09296094570071,banana
42.70631074602947,19.99511472478592,5.972053772562991,38.78410421343894,84.74460350572001,26.463310746973043,0.9691350736906645,19.387768665769926,43.100517247771876,kidneybeans
40.16335308502883,22.394177904121925,6.2733260523382155,41.278393367237,66.82838418103786,51.289952317117475,0.47185307794263515,22.133414268913995,39.037152930068224,kidneybeans
41.07335107445405,25.45663810496927,5.964434874339624,84.25608125380384,46.183479133882045,17.220057192714275,1.302280327747561,25.21555035975718,41.15273812764918,maize
61.646677457295795,25.829242996053914,6.135737178809883,110.10164087735517,40.59995442373216,132.7828858491883,1.2994984894935893,25.557903044517456,60.26798695286111,banana
46.509038360063876,22.14779844123876,5.633050325112916,23.210536895988902,81.49742047879754,47.13735064319685,0.6958536417203434,22.144823902580523,47.64240617400605,kidneybeans
51.943694205719126,20.836898737969843,6.744247196329882,77.32469060836796,51.725071883850745,79.9740216589025,0.6539133294180193,20.37776224670969,55.55309859823102,cabbage
33.38817896680996,23.71749839783671,6.369086793789728,42.07953014435485,43.987286796541824,44.907527681802875,0.7009502759612689,23.98176756303761,35.12413883550648,kidneybeans
72.72601261926428,29.017336711909678,5.61427845396455,144.3225494275118,39.543192032553435,148.9885534418505,1.4466127332762941,29.21029120684266,73.27265513233803,banana
42.55256364476847,24.79123565418327,6.089306520499904,114.465970805321,48.16047870644286,59.49344801236303,0.41258099509235624,24.47524111263623,42.696598928602576,maize
68.39157545092681,30.364767170680196,5.939861218102237,108.41016372039299,56.52045768021733,131.26276136124574,1.4263495530793497,30.463146094438663,67.13475989353307,banana
54.58381772737252,26.773292004320385,6.685283044806007,94.03308924269963,63.49432625087755,128.8784170939422,1.2513374511599187,26.858137484772875,53.89674628972112,banana
40.27906590214103,20.294536506392948,5.807813072790584,76.468394739357,33.129295736256296,40.81151256074962,1.6967379498934807,20.085921048478394,38.71819899285212,maize
59.05338146101738,26.8599742823744,6.2667736093898325,119.71466720560328,65.57202834732237,143.46391292087515,1.228070682216851,27.166447869114513,57.76573343307238,banana
59.669301752288725,18.37006138666796,6.80154418410671,73.43920612217858,33.3292708747667,65.07249799645689,1.2824988384997398,17.701567632556124,58.71591494235985,cabbage
46.563846293739196,24.8216550057062,6.313983474995485,105.95509127222314,55.07510770986559,48.605916776568414,0.7068679374993898,24.44922561052936,46.75350001319995,maize
63.70140657258942,29.414850056622402,6.191040070245,82.50141289795691,59.68736341501369,106.60357618785639,1.5168430020732502,29.262676952229597,62.483200284942775,banana
56.380477283898266,16.388499748463474,6.568345198016015,82.60349976052485,58.597640647960795,71.6213775609093,1.3297923596066104,17.054146191971316,54.31047282361653,cabbage
57.91054440186162,24.142369131547444,5.4294893506304,118.5322910355305,51.06131063471708,141.92441872297093,1.103873055946677,23.84155764256282,55.219602205995834,banana
63.08763137613252,28.295148206123372,6.588220401839405,87.9461377073036,44.491573402982105,118.33254206007055,1.189766658141087,27.933755191233836,61.390581425427236,banana
66.67989706895793,28.4259948506902,6.319544018296266,89.31715413059182,63.60341063004214,144.85912718178753,2.055138970153126,28.232074690889302,64.3099666523895,banana
48.812864714479986,20.189022986735147,6.8415101995187895,55.95294260404415,49.40094062322837,59.18025810004329,1.366654657240709,20.18834986253716,49.62129498651793,cabbage
77.03720338628895,29.87001235597787,6.183499881871151,91.56304520477589,43.901374246529215,147.78637386387356,1.4703410652113142,30.00451165451882,78.21467463205124,banana
39.48974852522959,23.10102195496726,5.481925568606317,50.44604291009705,64.93090091876687,33.626916197565684,0.672686134524033,24.078662075897807,39.63559830866385,kidneybeans
44.881521574753855,24.269701110857582,6.963827948254163,94.06007711118325,36.057926480205225,57.2603390991068,0.7950310637896196,24.308901876497334,46.33123091786626,maize
37.13738452634799,19.605722855279677,6.061875673217103,46.126717828265484,65.43433931065181,30.771597422639697,0.7045162757184583,19.566721563712974,36.50784062651201,kidneybeans
69.27040688507209,20.331910629804103,6.881869061765304,75.7345701818463,48.04950148795568,82.9143802653069,1.0821052600877046,20.916917562852095,71.8885287816309,cabbage
40.75616755711951,27.689872620133773,5.778763279125256,107.44196166496545,57.419599968138115,43.90854848438666,0.8331015577387786,28.307269762539594,42.078923936902925,maize
67.19655435698654,30.074715103795604,5.777915281258729,118.75304969018026,38.75071240192865,115.56464656607201,1.3529584955281861,29.62019395863859,65.19658479536575,banana
48.0999529498215,24.78002367887811,6.106887808570183,115.69473510632108,29.563747974779183,51.578880104331795,1.3356914503063189,24.59283315354839,47.58254114645004,maize
55.1033087657853,27.604516436970922,6.1553100121526985,125.41765642004948,52.49457899860523,131.87512861887532,1.3113163935201677,27.374213027195637,57.347564805455114,banana
61.68522203273264,25.0177873688253,5.825432283654003,95.67166987985131,55.20890305304119,149.19036716493133,1.2097529767874295,25.752545436756904,63.90057671170016,banana
45.378615245104314,21.20653971752598,6.326258494972896,89.35900674857837,18.48291665080798,54.88553242465315,0.8468290371529597,20.859973262062205,43.909839730321714,maize
64.91644497406405,27.229867823162024,6.522971865182508,78.66149852734108,69.98704068400234,151.92124504326978,1.2015680642914066,27.225055855202445,67.33548637894982,banana
49.43420507965053,27.322401476092473,6.4112376858898275,71.8579269067762,45.03108550185637,53.29121071066053,1.1116393683319654,27.340088277252548,48.310591992599356,maize
38.144281578663445,20.085177916559623,6.576272576419342,38.50053210912928,71.25177907031778,27.13976767235667,0.8877633046723394,20.758677165609615,37.09738829370314,kidneybeans
46.52110109163792,22.196104916142883,6.060447668122006,121.12191613594266,48.398753611927035,60.36965653917645,0.7829965207890008,22.201976972098766,45.61833218970913,maize
47.54992982962376,24.485934867036626,6.0883210409695065,32.60396240992572,58.656850726325544,13.814578959030996,1.0980883228201048,24.17181182998233,49.15076654545418,kidneybeans
38.93370228797215,23.5233723562371,6.376206910405458,115.87998491849632,33.85383036932073,39.39245835912254,1.0450160511834161,22.960606689996357,40.47217470404641,maize
40.39982356071535,24.58600223174674,6.667024268817928,96.05849627889782,31.44186028873446,41.237878962165354,1.2270197762997663,25.146354975871926,40.06252005391444,maize
70.91457703697269,26.56951108684769,6.390317616033842,80.49216401061784,66.89595516591385,118.9979097054991,1.368160945995933,26.06101142288273,71.30533886885028,banana
59.91309002641443,18.0360553887687,6.530882454730661,78.69783672828453,38.985857888192164,68.453643841692,0.994042808523372,18.647243860257905,64.28894402015318,cabbage
61.29391879509139,27.28233803766528,5.278140063313156,77.64115445236274,60.78822219936285,140.89103234483525,1.5625948745620106,27.621487353464218,62.06258671371821,banana
45.14988823150859,22.572640846195515,6.846056525929434,106.354824478058,50.98347047074883,32.0811773176831,1.4161349523345093,22.28711304730803,44.55121241600515,maize
